Kap	""	Ergebnis	Ansatz	Ansatz	Ansatz
Titel	Zweckbestimmung	2008 , 2009	2010	2011	2012
Nr	""	Tsd EUR	Tsd EUR	Tsd EUR	Tsd EUR
1	2	3	4	5	6
-------	""	""	""	""	""
9000	Zentrale Dienste	""	""	""	""
--------	--------------------------------	""	""	""	""
(012)	""	""	""	""	""
""	  EINNAHMEN	""	""	""	""
119.01	Anteil Dritter für Aufwendungen für das Gebäude	335 	0 	-	-
""	Rödingsmarkt 2	172 	""	""	""
""	(Weggefallener Ansatz)	""	""	""	""
""	Die Einnahmen dienen zur Deckung der Ausgaben bei	""	""	""	""
""	09.1.9000.548.03	""	""	""	""
119.03	Rückeinnahmen aus Leistungs- und Lieferverträgen	0 	0 	-	-
(960)	""	0 	""	""	""
119.56	Erstattungen für IT Dienstleistungen	0 	0 	-	-
""	""	0 	""	""	""
""	Die Einnahmen dienen zur Deckung der Ausgaben bei	""	""	""	""
""	09.1.9000.548.56	""	""	""	""
119.95	Einnahmen aus Mahnkosten, Verspätungszuschlägen	156 	0 	-	-
""	und Stundungszinsen	190 	""	""	""
119.98	Vermischte Einnahmen	235 	2 	""	""
""	""	88-	""	""	""
""	(Weggefallener Ansatz)	""	""	""	""
121.03	Ablieferung aus lfd. Verwaltungstätigkeit des	0 	0 	""	""
""	Auswahlbereiches 135	0 	""	""	""
""	Übertragbar	""	""	""	""
121.04	Ablieferung aus lfd. Verwaltungstätigkeit des	0 	0 	-	-
""	Besonderen Budgetbereichs Q13	0 	""	""	""
124.02	Einnahmen aus der Überlassung des	2 	0 	-	-
""	Leo-Lippmann-Saales	6 	""	""	""
""	(Weggefallener Ansatz)	""	""	""	""
""	Die Einnahmen dienen zur Deckung der Ausgaben bei	""	""	""	""
""	09.1.9000.548.04	""	""	""	""
124.91	Einnahmen aus Vermietung, Verpachtung und	127 	118 	""	""
""	Nutzung von Grundstücken	12 	""	""	""
""	(Weggefallener Ansatz)	""	""	""	""
124.92	Einnahmen aus Dienst- und Werkdienstwohnungen	7 	6 	""	""
""	sowie aus Personalunterkünften	6 	""	""	""
""	(Weggefallener Ansatz)	""	""	""	""
Kap	""	Ergebnis	Ansatz	Ansatz	Ansatz
Titel	Zweckbestimmung	2008 , 2009	2010	2011	2012
Nr	""	Tsd EUR	Tsd EUR	Tsd EUR	Tsd EUR
1	2	3	4	5	6
-9-0-00----	""	""	""	""	""
261.01	Verwaltungskostenentschädigungen	326 	446 	""	""
""	""	443 	""	""	""
""	(Weggefallener Ansatz)	""	""	""	""
""	Die Mehreinnahmen dienen zur Deckung der Ausgaben	""	""	""	""
""	bei 09.1.9000.548.01.	""	""	""	""
261.04	Verwaltungskostenentschädigungen der Kasse.Hamburg	679 	303 	""	""
""	""	303 	""	""	""
""	(Weggefallener Ansatz)	""	""	""	""
261.05	Verwaltungskostenentschädigungen der	0 	48 	""	""
""	Hamburgischen Münze	0 	""	""	""
""	(Weggefallener Ansatz)	""	""	""	""
""	Gesamteinnahmen	""	923	0	0 
""	AUSGABEN	""	""	""	""
KRS	Kontenrahmen für Sachausgaben	1.441 	1.652 	-	-
""	""	1.125 	""	""	""
""	""	""	1.819 R	""	""
KRD	Kontenrahmen für Dienstbezüge	8.283 	6.517 	-	-
""	""	6.380 	""	""	""
""	""	""	852 R	""	""
KRN	Kontenrahmen für Nebenleistungen - Beihilfen, 	19 	0 	123 	123 
""	Unterstützungen u. dgl.	38 	""	""	""
KRN	Kontenrahmen für Nebenleistungen -	1 	0 	-	-
""	personalbezogene Sachausgaben	0 	""	""	""
KRV	Kontenrahmen für Versorgung 	11.401 	11.042 	11.936 	11.726 
""	""	11.910 	""	""	""
412.01	Aufwandsentschädigungen und andere Ausgaben für	17 	16 	""	""
""	Deputierte, ehrenamtliche Beisitzerinnen und	16 	""	""	""
""	Beisitzer usw.	""	""	""	""
""	Übertragbar	""	""	""	""
""	(Weggefallener Ansatz)	""	""	""	""
""	Gegenseitig deckungsfähig sind 09.1.9000.412.01	""	""	""	""
""	09.1.9090.412.01 .	""	""	""	""
459.95	Prämien im Rahmen des betrieblichen	0 	1 	""	""
(940)	Vorschlagwesens	0 	""	""	""
""	""	1 R	""	""	""
""	Übertragbar	""	""	""	""
""	(Weggefallener Ansatz)	""	""	""	""
Kap	""	Ergebnis	Ansatz	Ansatz	Ansatz
Titel	Zweckbestimmung	2008 , 2009	2010	2011	2012
Nr	""	Tsd EUR	Tsd EUR	Tsd EUR	Tsd EUR
1	2	3	4	5	6
9--00-0----	""	""	""	""	""
461.01	Zentral veranschlagte Personalausgaben der	0 	0 	-	-
""	Kapitel 9000 bis 9120	0 	""	""	""
""	Übertragbar	""	""	""	""
""	(Weggefallener Ansatz)	""	""	""	""
""	Die Mittel dienen zum Ausgleich von Mehrausgaben	""	""	""	""
""	bei stellengebundenen Personalausgaben im KRD-	""	""	""	""
""	Bereich der Kapitel 9000 bis 9120	""	""	""	""
Kap	""	Ergebnis	Ansatz	Ansatz	Ansatz
Titel	Zweckbestimmung	2008 , 2009	2010	2011	2012
Nr	""	Tsd EUR	Tsd EUR	Tsd EUR	Tsd EUR
1	2	3	4	5	6
9-0-0-0----	""	""	""	""	""
461.20	Beitrag zur Finanzierung des Modernisierungsfonds	0 	786 	""	""
""	""	0 	""	""	""
""	Übertragbar	""	""	""	""
""	(Weggefallener Ansatz)	""	""	""	""
519.01	Unterhaltung der Grundstücke und baulichen Anlagen	154 	212 	""	""
""	""	321 	""	""	""
""	""	5 R	""	""	""
""	Übertragbar	""	""	""	""
""	(Weggefallener Ansatz)	""	""	""	""
""	Gegenseitig deckungsfähig sind 09.1.9000.519.01	""	""	""	""
""	09.1.9090.519.61 .	""	""	""	""
525.01	Aus- und Fortbildung	36 	68 	""	""
""	""	26 	""	""	""
""	Übertragbar	""	""	""	""
""	(Weggefallener Ansatz)	""	""	""	""
525.92	Erstattung an das Zentrum für Aus- und Fortbildung	45 	45 	""	""
""	""	47 	""	""	""
""	Übertragbar	""	""	""	""
""	(Weggefallener Ansatz)	""	""	""	""
531.02	Öffentlichkeitsarbeit	151 	35 	""	""
""	""	7 	""	""	""
""	""	38 R	""	""	""
""	Übertragbar	""	""	""	""
""	(Weggefallener Ansatz)	""	""	""	""
535.56	IT-Folgekosten	654 	623 	""	""
""	""	599 	""	""	""
""	""	44 R	""	""	""
""	Übertragbar	""	""	""	""
""	(Weggefallener Ansatz)	""	""	""	""
""	Einseitig deckungsfähig zugunsten	""	""	""	""
""	09.1.9000.671.56.	""	""	""	""
""	Gegenseitig deckungsfähig sind 09.1.9000.535.56	""	""	""	""
""	09.1.9020.535.56 09.1.9090.535.56	""	""	""	""
""	09.1.9100.535.56 09.1.9120.535.56 .	""	""	""	""
548.01	Leistungen für Dritte	0 	0 	-	-
""	""	0 	""	""	""
""	""	184 R	""	""	""
""	Übertragbar	""	""	""	""
""	(Weggefallener Ansatz)	""	""	""	""
""	Ausgaben dürfen geleistet werden in Höhe der	""	""	""	""
""	Mehr- einnahmen bei 09.1.9000.261.01.	""	""	""	""
""	Mittel für einzelne Maßnahmen/Maßnahmegruppen	""	""	""	""
""	werden auf vorhandene oder einzurichtende Titel	""	""	""	""
""	der sachlich zuständigen Kapitel übertragen	""	""	""	""
548.03	Verwendung der Erstattungen des Bundes und der	0 	0 	-	-
""	Kasse.Hamburg für das Gebäude Rödingsmarkt 2	0 	""	""	""
""	""	743 R	""	""	""
""	Übertragbar	""	""	""	""
""	(Weggefallener Ansatz)	""	""	""	""
Kap	""	Ergebnis	Ansatz	Ansatz	Ansatz
Titel	Zweckbestimmung	2008 , 2009	2010	2011	2012
Nr	""	Tsd EUR	Tsd EUR	Tsd EUR	Tsd EUR
1	2	3	4	5	6
9-0-0-0----	""	""	""	""	""
""	Ausgaben dürfen geleistet werden in Höhe der	""	""	""	""
""	Einnahmen bei 09.1.9000.119.01	""	""	""	""
""	Mittel für einzelne Maßnahmen/Maßnahmegruppen	""	""	""	""
""	werden auf vorhandene oder einzurichtende Titel	""	""	""	""
""	der sachlich zuständigen Kapitel übertragen	""	""	""	""
548.04	Verwendung von Einnahmen aus der Vermietung des	0 	0 	-	-
""	Leo-Lippmann-Saales	0 	""	""	""
""	""	12 R	""	""	""
""	Übertragbar	""	""	""	""
""	(Weggefallener Ansatz)	""	""	""	""
""	Ausgaben dürfen geleistet werden in Höhe der	""	""	""	""
""	Einnahmen bei 09.1.9000.124.02	""	""	""	""
""	Mittel für einzelne Maßnahmen/Maßnahmegruppen	""	""	""	""
""	werden auf vorhandene oder einzurichtende Titel	""	""	""	""
""	der sachlich zuständigen Kapitel übertragen	""	""	""	""
548.56	Verwendung von Erstattungen für	0 	0 	-	-
""	IT-Dienstleistungen	0 	""	""	""
""	Übertragbar	""	""	""	""
""	(Weggefallener Ansatz)	""	""	""	""
""	Ausgaben dürfen geleistet werden in Höhe der	""	""	""	""
""	Einnahmen bei 09.1.9000.119.56	""	""	""	""
""	Mittel für einzelne Maßnahmen/Maßnahmegruppen	""	""	""	""
""	werden auf vorhandene oder einzurichtende Titel	""	""	""	""
""	der sachlich zuständigen Kapitel übertragen	""	""	""	""
549.01	Globale Minderausgabe Konsolidierung	0 	0 	""	""
""	""	0 	""	""	""
""	Übertragbar	""	""	""	""
671.01	Erstattungen an den Landesbetrieb Geoinformation	0 	0 	-	-
""	und Vermessung für Leistungen	2 	""	""	""
""	""	13 R	""	""	""
""	Übertragbar	""	""	""	""
""	(Weggefallener Ansatz)	""	""	""	""
""	Einseitig deckungsfähig zulasten	""	""	""	""
""	09.1.9090.671.01.	""	""	""	""
671.53	Erstattung der Kosten für die Inanspruchnahme	600 	399 	""	""
""	zentraler IT-Administration von Dataport	400 	""	""	""
""	Übertragbar	""	""	""	""
""	(Weggefallener Ansatz)	""	""	""	""
671.55	Erstattung der Kosten für die Inanspruchnahme des	102 	35 	""	""
""	behördeninternen Telefonverkehrs	120 	""	""	""
""	Übertragbar	""	""	""	""
""	(Weggefallener Ansatz)	""	""	""	""
""	Gegenseitig deckungsfähig sind 09.1.9000.671.55	""	""	""	""
""	09.1.9020.671.55 09.1.9030.671.55	""	""	""	""
""	09.1.9060.671.55 09.1.9090.671.55 .	""	""	""	""
671.56	Erstattung der Kosten für die Inanspruchnahme der	1.191 	968 	""	""
""	Dienstleistungen von Dataport	968 	""	""	""
""	Übertragbar	""	""	""	""
""	(Weggefallener Ansatz)	""	""	""	""
Kap	""	Ergebnis	Ansatz	Ansatz	Ansatz
Titel	Zweckbestimmung	2008 , 2009	2010	2011	2012
Nr	""	Tsd EUR	Tsd EUR	Tsd EUR	Tsd EUR
1	2	3	4	5	6
-90--00----	""	""	""	""	""
""	Einseitig deckungsfähig zulasten	""	""	""	""
""	09.1.9000.535.56.	""	""	""	""
""	Gegenseitig deckungsfähig sind 09.1.9000.671.56	""	""	""	""
""	09.1.9020.671.56 09.1.9090.671.56	""	""	""	""
""	09.1.9100.671.56 09.1.9120.671.56 .	""	""	""	""
685.03	Zuschuss für lfd. Verwaltungstätigkeit	0 	0 	41.611 	41.369 
""	an den Auswahlbereich 135	0 	""	445 VE	1.300 VE
""	Übertragbar	""	""	""	""
""	Zuwendungsanteil 100%	""	""	""	""
""	Einseitig deckungsfähig zugunsten	""	""	""	""
""	09.1.9000.894.03.	""	""	""	""
""	Deckungsfähig im Einzelplandeckungskreis	""	""	""	""
""	EDK-091-01.	""	""	""	""
685.04	Zuschuss für lfd.Verwaltungstätigkeit an den	0 	0 	16.016 	16.125 
""	besonderen Budgetbereich Q13	0 	""	""	""
""	Übertragbar	""	""	""	""
""	Zuwendungsanteil 100%	""	""	""	""
701.01	Kleine Baumaßnahmen	143 	218 	""	""
""	(Hochbau)	24 	200 VE	""	""
""	Übertragbar	""	""	""	""
""	(Weggefallener Ansatz)	""	""	""	""
""	Deckungsfähig im Kapiteldeckungskreis	""	""	""	""
""	KDK-091-9000-10 .	""	""	""	""
701.56	Kleine Neu-, Um- und Erweiterungsbauten -Hochbau-	45 	91 	""	""
""	im Zusammenhang mit der IT-Technik	157 	60 VE	""	""
""	Übertragbar	""	""	""	""
""	(Weggefallener Ansatz)	""	""	""	""
""	Deckungsfähig im Kapiteldeckungskreis	""	""	""	""
""	KDK-091-9000-10 .	""	""	""	""
812.03	Beschaffung von Geräten und Ausstattungsgegen-	0 	0 	-	-
""	ständen	18 	""	""	""
""	Übertragbar	""	""	""	""
""	(Weggefallener Ansatz)	""	""	""	""
""	Deckungsfähig im Kapiteldeckungskreis	""	""	""	""
""	KDK-091-9000-10 .	""	""	""	""
812.54	Ausbau der IT-Infrastruktur zur Modernisierung	0 	0 	-	-
""	der Verwaltung	0 	""	""	""
""	""	124 R	""	""	""
""	Übertragbar	""	""	""	""
""	(Weggefallener Ansatz)	""	""	""	""
""	Einseitig deckungsfähig zugunsten	""	""	""	""
""	09.1.9000.812.56.	""	""	""	""
812.56	Investitionsausgaben für den Einsatz von	985 	0 	-	-
""	IT in der Finanzbehörde	120 	""	""	""
""	Übertragbar	""	""	""	""
""	(Weggefallener Ansatz)	""	""	""	""
""	Einseitig deckungsfähig zulasten	""	""	""	""
""	09.1.9000.812.54.	""	""	""	""
Kap	""	Ergebnis	Ansatz	Ansatz	Ansatz
Titel	Zweckbestimmung	2008 , 2009	2010	2011	2012
Nr	""	Tsd EUR	Tsd EUR	Tsd EUR	Tsd EUR
1	2	3	4	5	6
9--0-00----	""	""	""	""	""
894.03	Zuschuss für Investitionsmittel an den Auswahl-	0 	0 	-	-
""	bereich 135	0 	""	""	""
""	Übertragbar	""	""	""	""
""	Einseitig deckungsfähig zulasten	""	""	""	""
""	09.1.9000.685.03.	""	""	""	""
""	Deckungsfähig im Einzelplandeckungskreis	""	""	""	""
""	EDK-091-02.	""	""	""	""
894.04	Zuschuss für Investitionsmittel an den Besonderen	0 	0 	-	-
""	Budgetbereich Q13	0 	""	""	""
""	Übertragbar	""	""	""	""
""	Gesamtausgaben	""	22.708 	69.686 	69.343 
""	Summe Verpflichtungsermächtigungen	""	260 VE	445 VE	1.300 VE
9010	Management des Grundvermögens	""	""	""	""
--------	--------------------------------	""	""	""	""
(871)	""	""	""	""	""
""	  EINNAHMEN	""	""	""	""
111.51	Entgelte im Zusammenhang mit der Vergabe	682 	0 	""	""
""	städtischer Grundstücke	0 	""	""	""
""	(Weggefallener Ansatz)	""	""	""	""
111.52	Entgelte in Zusammenhang mit der Durchführung von	134 	0 	""	""
""	Verträgen durch das Immobilienmanagement	0 	""	""	""
""	(Weggefallener Ansatz)	""	""	""	""
119.01	Einnahmen aus Vertragsstrafen	0 	0 	-	-
""	""	0 	""	""	""
""	(Weggefallener Ansatz)	""	""	""	""
119.02	Ersatzleistungen für Sturm- und Feuerschäden	79-	0 	-	-
""	""	0 	""	""	""
""	(Weggefallener Ansatz)	""	""	""	""
119.92	Schadenersatzleistungen	0 	0 	-	-
""	""	0 	""	""	""
""	(Weggefallener Ansatz)	""	""	""	""
121.01	Ablieferung des Wirtschaftsplans	0 	23.386 	""	""
""	"""Immobilienmanagement"""	28.733 	""	""	""
121.02	Ablieferung von Mehreinnahmen zur Erfüllung der	0 	0 	""	""
""	Konsolidierungsverpflichtung	0 	""	""	""
""	Übertragbar	""	""	""	""
Kap	""	Ergebnis	Ansatz	Ansatz	Ansatz
Titel	Zweckbestimmung	2008 , 2009	2010	2011	2012
Nr	""	Tsd EUR	Tsd EUR	Tsd EUR	Tsd EUR
1	2	3	4	5	6
-9-01-0----	""	""	""	""	""
121.03	Ablieferung aus lfd. Verwaltungstätigkeit des	0 	0 	39.859 	37.815 
""	Auswahlbereiches 136	0 	""	""	""
""	Übertragbar	""	""	""	""
124.01	Mieten und Pachten für Gebäude und Grundstücke	11.551 	0 	""	""
""	(soweit nicht anderweitig veranschlagt)	0 	""	""	""
""	(Weggefallener Ansatz)	""	""	""	""
""	Von der Einnahme dürfen die Kosten für die	""	""	""	""
""	Verwaltung der Grundstücke abgesetzt werden	""	""	""	""
124.02	Jagd- und Fischereipachten	28 	0 	""	""
""	""	0 	""	""	""
""	(Weggefallener Ansatz)	""	""	""	""
124.04	Einnahmen aus der Vermietung stadteigener	1.573 	0 	""	""
""	Wohnungen an die Siedlungs-Aktiengesellschaft	0 	""	""	""
""	Hamburg SAGA	""	""	""	""
""	(Weggefallener Ansatz)	""	""	""	""
124.05	Einnahmen aus der Vermietung stadteigener	11.329 	0 	""	""
""	Grundstücke mit gewerblicher Nutzung an die	0 	""	""	""
""	Sprinkenhof AG	""	""	""	""
""	(Weggefallener Ansatz)	""	""	""	""
124.06	Mieten und Pachten für kleingärtnerisch genutzte	1.693 	0 	""	""
""	Grundstücke, Nutzungsabgabe für Behelfsheime u.a.	0 	""	""	""
""	(Weggefallener Ansatz)	""	""	""	""
124.07	Einnahmen aus der Vermietung stadteigener	645 	0 	""	""
""	Grundstücke an die Genossenschaft der	0 	""	""	""
""	Fritz-Schumacher-Siedlung Langenhorn e.G	""	""	""	""
""	(Weggefallener Ansatz)	""	""	""	""
124.08	Einahmen aus der Vermietung stadteigener Wohnungen	0 	0 	""	""
""	an die Stadterneuerungs- und Stadtentwicklungs-	0 	""	""	""
""	gesellschaft Hamburg mbH (STEG)	""	""	""	""
""	(Weggefallener Ansatz)	""	""	""	""
124.09	Einnahmen aus der Vermietung von Reihenhäusern am	123 	0 	""	""
""	Mariannenweg etc	0 	""	""	""
""	(Weggefallener Ansatz)	""	""	""	""
""	Ausgaben dürfen von der Einnahme abgesetzt werden	""	""	""	""
124.10	Erstattungen für die vorübergehende Überlassung	2.381 	0 	""	""
""	von Flächen	0 	""	""	""
""	(Weggefallener Ansatz)	""	""	""	""
Kap	""	Ergebnis	Ansatz	Ansatz	Ansatz
Titel	Zweckbestimmung	2008 , 2009	2010	2011	2012
Nr	""	Tsd EUR	Tsd EUR	Tsd EUR	Tsd EUR
1	2	3	4	5	6
9--0-1-0---	""	""	""	""	""
124.11	Pachten für landwirtschaftliche Betriebe (außer	350 	0 	""	""
""	Staatsgüter)	0 	""	""	""
""	(Weggefallener Ansatz)	""	""	""	""
""	Von der Einnahme dürfen die Kosten für die	""	""	""	""
""	Verwaltung der Grundstücke abgesetzt werden	""	""	""	""
124.15	Einnahmen aus der Vermietung von Gebäude-	1.623 	4.932 	""	""
""	und Grundstücksflächen Billstraße 82 - 84	4.907 	""	""	""
""	(Weggefallener Ansatz)	""	""	""	""
124.31	Erbbauzinsen (soweit nicht kapitalisiert)	14.196 	0 	""	""
""	""	0 	""	""	""
""	(Weggefallener Ansatz)	""	""	""	""
124.32	Kapitalisierte Erbbauzinsen	4.043 	0 	""	""
""	""	0 	""	""	""
""	(Weggefallener Ansatz)	""	""	""	""
261.12	Erstattungen für Aufwendungen im Zush. mit der Ver	0 	0 	""	""
""	marktung von Grundstücken öffentlicher Unternehmen	0 	""	""	""
""	Stiftungen  u. ä. unter staatlicher Einflußnahme	""	""	""	""
""	(Weggefallener Ansatz)	""	""	""	""
281.01	Ersatz und Rückzahlungen von Steuern, Abgaben und	55 	0 	-	-
""	Bewirtschaftungskosten	0 	""	""	""
""	(Weggefallener Ansatz)	""	""	""	""
281.03	Einnahmen vom Grundstock für Grunderwerb für	2.336 	0 	-	-
""	Kleingartenentsch., Billigkeitsentschädigungen	0 	""	""	""
""	für Behelfsheime, Abbruch- und Umzugskosten	""	""	""	""
""	(Weggefallener Ansatz)	""	""	""	""
281.04	Ersatz von Unterhaltungskosten durch Dritte sowie	145 	0 	-	-
""	Kostenbeteiligungen	0 	""	""	""
""	(Weggefallener Ansatz)	""	""	""	""
281.05	Ersatz von Aufwendungen für die Vermarktung	137 	0 	-	-
""	ehemaliger Grundstücke des LBK Hamburg	0 	""	""	""
""	(Weggefallener Ansatz)	""	""	""	""
281.10	Einnahmen aus der Zahlung von Modernisierungs-	306 	0 	""	""
""	zuschlägen für stadteigene Wohnungen durch die	0 	""	""	""
""	SAGA	""	""	""	""
""	(Weggefallener Ansatz)	""	""	""	""
341.01	Einnahmen vom Grundstock für Grunderwerb für	1.000 	0 	-	-
""	Kostenerstattungsbeträge nach dem Kostenerstat-	0 	""	""	""
""	tungsgesetz	""	""	""	""
""	(Weggefallener Ansatz)	""	""	""	""
Kap	""	Ergebnis	Ansatz	Ansatz	Ansatz
Titel	Zweckbestimmung	2008 , 2009	2010	2011	2012
Nr	""	Tsd EUR	Tsd EUR	Tsd EUR	Tsd EUR
1	2	3	4	5	6
9--0-1-0---	""	""	""	""	""
341.02	Einnahmen vom Grundstock für Grunderwerb für	1.412 	0 	-	-
""	Altlastensanierungsmaßnahmen des städtischen	0 	""	""	""
""	Grundbesitzes	""	""	""	""
""	(Weggefallener Ansatz)	""	""	""	""
356.01	Entnahme aus dem Grundstock für Grunderwerb für	1.838 	0 	-	-
""	Aufwendungen zur Entwicklung und Aktivierung von	0 	""	""	""
""	Flächen	""	""	""	""
""	(Weggefallener Ansatz)	""	""	""	""
""	3000000.00  EUR der Einnahmen dienen zur Deckung	""	""	""	""
""	der Ausgaben bei 09.1.9010.547.02.	""	""	""	""
""	Es können insgesamt bis zu 3 Mio. Euro zugunsten	""	""	""	""
""	"des Wirtschaftsplans ""Immobilienmanagement"""	""	""	""	""
""	und des Haushalts entnommen werden.	""	""	""	""
356.02	Einnahmen vom Grundstock für Grunderwerb für	0 	0 	""	""
""	Grunderwerbsteuerzahlungen aufgrund	2.926 	""	""	""
""	hamburgischer Grundstücksgeschäfte	""	""	""	""
""	Übertragbar	""	""	""	""
""	(Weggefallener Ansatz)	""	""	""	""
371.01	Globale Mehreinnahme Konsoliderung	0 	0 	""	""
""	""	0 	""	""	""
""	Übertragbar	""	""	""	""
""	Gesamteinnahmen	""	28.318	39.859	37.815 
""	AUSGABEN	""	""	""	""
KRS	Kontenrahmen für Sachausgaben	1.080 	0 	-	-
""	""	0 	""	""	""
KRD	Kontenrahmen für Dienstbezüge	8.684 	0 	-	-
""	""	0 	""	""	""
KRN	Kontenrahmen für Nebenleistungen - Beihilfen, 	99 	0 	238 	238 
""	Unterstützungen u. dgl.	1-	""	""	""
KRN	Kontenrahmen für Nebenleistungen -	1 	0 	-	-
""	personalbezogene Sachausgaben	0 	""	""	""
KRV	Kontenrahmen für Versorgung 	757-	533-	1.423 	1.605 
""	""	574-	""	""	""
517.01	Bewirtschaftung des Allgemeinen Grundvermögens	286 	0 	""	""
""	(soweit nicht anderweitig veranschlagt)	0 	""	""	""
""	(Weggefallener Ansatz)	""	""	""	""
517.02	Steuern, Abgaben und Beiträge	10.039 	0 	""	""
""	""	0 	""	""	""
Kap	""	Ergebnis	Ansatz	Ansatz	Ansatz
Titel	Zweckbestimmung	2008 , 2009	2010	2011	2012
Nr	""	Tsd EUR	Tsd EUR	Tsd EUR	Tsd EUR
1	2	3	4	5	6
9-0--10----	""	""	""	""	""
""	Übertragbar	""	""	""	""
""	(Weggefallener Ansatz)	""	""	""	""
519.01	Unterhaltung der Grundstücke und baulichen Anlagen	1.590 	0 	""	""
""	""	0 	""	""	""
""	(Weggefallener Ansatz)	""	""	""	""
""	Aus diesem Titel können auch Abbruchkosten	""	""	""	""
""	und Räumungsentschädigungen finanziert werden	""	""	""	""
Kap	""	Ergebnis	Ansatz	Ansatz	Ansatz
Titel	Zweckbestimmung	2008 , 2009	2010	2011	2012
Nr	""	Tsd EUR	Tsd EUR	Tsd EUR	Tsd EUR
1	2	3	4	5	6
-9-0-1-0---	""	""	""	""	""
539.01	Vermischte Verwaltungsausgaben	2 	0 	""	""
""	""	0 	""	""	""
""	(Weggefallener Ansatz)	""	""	""	""
539.10	Kosten für die Beschaffung und Gewinnung von	471 	0 	""	""
""	Grundstücksinformationen	0 	""	""	""
""	(Weggefallener Ansatz)	""	""	""	""
547.01	Aufwendungen im Zusammenhang mit der Vermarktung	0 	0 	-	-
""	ehemaliger Grundstücke des LBK Hamburg	0 	""	""	""
""	(Weggefallener Ansatz)	""	""	""	""
""	Mittel für einzelne Maßnahmen/Maßnahmegruppen	""	""	""	""
""	werden auf vorhandene oder einzurichtende Titel	""	""	""	""
""	der sachlich zuständigen Kapitel übertragen	""	""	""	""
547.02	Aufwendungen zur Entwicklung und Aktivierung von	0 	0 	-	-
""	Flächen des Allgemeinen Grundvermögens oder ihnen	0 	""	""	""
""	gleichzustellende Flächen	""	""	""	""
""	Übertragbar	""	""	""	""
""	Ausgaben dürfen geleistet werden i.H.v.	""	""	""	""
""	3000000.00  EUR der Einnahmen bei	""	""	""	""
""	09.1.9010.356.01	""	""	""	""
""	Mittel für einzelne Maßnahmen/Maßnahmegruppen	""	""	""	""
""	werden auf vorhandene oder einzurichtende Titel	""	""	""	""
""	der sachlich zuständigen Kapitel übertragen	""	""	""	""
547.03	Aufwendungen im Zusammenhang mit der Durchführung	0 	0 	-	-
""	von Verträgen durch das Immobilienmanagement	0 	""	""	""
""	(Weggefallener Ansatz)	""	""	""	""
""	Mittel für einzelne Maßnahmen/Maßnahmegruppen	""	""	""	""
""	werden auf vorhandene oder einzurichtende Titel	""	""	""	""
""	der sachlich zuständigen Kapitel übertragen	""	""	""	""
547.04	Aufwendungen zur Verbesserung der	0 	0 	""	""
""	Rahmenbedingungen für die Vermietung städtischer	0 	""	""	""
""	Flächen im Hafen	""	""	""	""
""	(Weggefallener Ansatz)	""	""	""	""
547.06	Aufwendungen im Zusammenhang mit der Vermarktung	0 	0 	-	-
""	von Grundstücken durch das Immobilienmanagement	0 	""	""	""
""	(Weggefallener Ansatz)	""	""	""	""
""	Mittel für einzelne Maßnahmen/Maßnahmegruppen	""	""	""	""
""	werden auf vorhandene oder einzurichtende Titel	""	""	""	""
""	der sachlich zuständigen Kapitel übertragen	""	""	""	""
632.91	Zuweisungen für Versorgungszuschläge an	0 	1.786 	""	""
""	Wirtschaftspläne	0 	""	""	""
""	Übertragbar	""	""	""	""
671.01	Beteiligung der Stadt an Kosten gemeinschaftl. von	183 	0 	""	""
""	Grundeigentümern zu errichtender Anlagen sowie an	0 	""	""	""
""	Erschließungsnebenkosten f. stadteig. Grundstücke	""	""	""	""
""	(Weggefallener Ansatz)	""	""	""	""
Kap	""	Ergebnis	Ansatz	Ansatz	Ansatz
Titel	Zweckbestimmung	2008 , 2009	2010	2011	2012
Nr	""	Tsd EUR	Tsd EUR	Tsd EUR	Tsd EUR
1	2	3	4	5	6
9-0-1-0----	""	""	""	""	""
671.55	Erstattung der Kosten für die Inanspruchnahme des	51 	0 	""	""
""	behördeninternen Telefonverkehrs	0 	""	""	""
""	(Weggefallener Ansatz)	""	""	""	""
681.01	Zahlung von Kleingartenentschädigungen, Billig-	2.360 	0 	-	-
""	keitsentschädigungen für Behelfsheime, Abbruch-	0 	""	""	""
""	und Umzugskosten	""	""	""	""
""	(Weggefallener Ansatz)	""	""	""	""
685.03	Zuschuss für lfd. Verwaltungstätigkeit	0 	0 	""	""
""	an den Auswahlbereich 136	0 	""	2.500 VE	2.500 VE
""	Übertragbar	""	""	""	""
""	Einseitig deckungsfähig zugunsten	""	""	""	""
""	09.1.9010.894.03.	""	""	""	""
""	Deckungsfähig im Einzelplandeckungskreis	""	""	""	""
""	EDK-091-01.	""	""	""	""
703.01	Bauliche Maßnahmen an stadteigenen Wohngebäuden	1.023 	0 	""	""
""	""	0 	""	""	""
""	(Weggefallener Ansatz)	""	""	""	""
741.02	Aufwendungen im Zusammenhang mit Untergrundver-	1.412 	0 	-	-
""	unreinigungen städtischen Grundbesitzes	0 	""	""	""
""	(Weggefallener Ansatz)	""	""	""	""
""	Aus diesem Titel können auch kaufpreisüber-	""	""	""	""
""	schreitende Entsorgungskosten beim Verkauf stadt-	""	""	""	""
""	eigener Flächen finanziert werden	""	""	""	""
821.02	Zahlung von Grunderwerbsteuer für hamburgische	705 	767 	""	""
""	Grundstücksgeschäfte	3.756 	""	""	""
""	Übertragbar	""	""	""	""
""	(Weggefallener Ansatz)	""	""	""	""
823.01	Kaufpreisrate für die Gebäude- und	6.327 	8.282 	-	-
""	Grundstücksflächen Billstraße 82	8.228 	""	""	""
""	""	1.610 R	""	""	""
""	Übertragbar	""	""	""	""
""	(Weggefallener Ansatz)	""	""	""	""
894.03	Zuschuss für Investitionsmittel an den Auswahl-	0 	0 	""	""
""	bereich 136	0 	""	""	""
""	Übertragbar	""	""	""	""
""	Einseitig deckungsfähig zulasten	""	""	""	""
""	09.1.9010.685.03.	""	""	""	""
""	Deckungsfähig im Einzelplandeckungskreis	""	""	""	""
""	EDK-091-02.	""	""	""	""
981.01	Zahlungen für Kostenerstattungsbeträge nach dem	1.260 	0 	-	-
""	Kostenerstattungsgesetz bei Veräußerung von Grund-	0 	""	""	""
""	stücken des Allgemeinen Grundvermögens	""	""	""	""
""	(Weggefallener Ansatz)	""	""	""	""
""	Gesamtausgaben	""	10.302 	1.661 	1.843 
""	Summe Verpflichtungsermächtigungen	""	""	2.500 VE	2.500 VE
Kap	""	Ergebnis	Ansatz	Ansatz	Ansatz
Titel	Zweckbestimmung	2008 , 2009	2010	2011	2012
Nr	""	Tsd EUR	Tsd EUR	Tsd EUR	Tsd EUR
1	2	3	4	5	6
9020	Haushalt und Aufgabenplanung	""	""	""	""
--------	--------------------------------	""	""	""	""
(062)	""	""	""	""	""
""	  EINNAHMEN	""	""	""	""
119.67	Verwertungserlöse und sonstige Einnahmen	0 	0 	-	-
(012)	Haushaltsmodernisierung	0 	""	""	""
""	(Weggefallener Ansatz)	""	""	""	""
""	Die Einnahmen dienen zur Deckung der Mehrausgaben	""	""	""	""
""	bei 09.1.9020.518.67 09.1.9020.525.67	""	""	""	""
""	09.1.9020.526.67 09.1.9020.533.67	""	""	""	""
""	09.1.9020.671.67.	""	""	""	""
119.68	Projekteinnamen Herakles	0 	0 	""	""
""	""	0 	""	""	""
""	Übertragbar	""	""	""	""
""	(Weggefallener Ansatz)	""	""	""	""
""	Die Einnahmen dienen zur Deckung der Mehrausgaben	""	""	""	""
""	bei 09.1.9020.526.68 09.1.9020.533.68	""	""	""	""
""	09.1.9020.671.68 09.1.9020.971.68.	""	""	""	""
119.98	Vermischte Einnahmen	1 	2 	""	""
""	""	1 	""	""	""
""	(Weggefallener Ansatz)	""	""	""	""
""	Gesamteinnahmen	""	2	0	0
""	AUSGABEN	""	""	""	""
KRS	Kontenrahmen für Sachausgaben	1.356 	2.175 	-	-
""	""	1.741 	""	""	""
KRD	Kontenrahmen für Dienstbezüge	8.023 	8.205 	-	-
""	""	8.122 	""	""	""
""	""	""	1.420 R	""	""
KRN	Kontenrahmen für Nebenleistungen - Beihilfen, 	11 	0 	204 	204 
""	Unterstützungen u. dgl.	18 	""	""	""
KRN	Kontenrahmen für Nebenleistungen -	1 	0 	-	-
""	personalbezogene Sachausgaben	2 	""	""	""
KRV	Kontenrahmen für Versorgung 	2.438-	2.090-	765 	1.005 
""	""	1.655-	""	""	""
525.01	Schulungen Jahresabschlussaktivitäten	0 	50 	""	""
(012)	""	22 	""	""	""
""	""	28 R	""	""	""
""	Übertragbar	""	""	""	""
""	(Weggefallener Ansatz)	""	""	""	""
""	Gegenseitig deckungsfähig sind 09.1.9020.525.01	""	""	""	""
""	09.1.9020.526.01  09.1.9020.535.01  09.1.9020.535.02 .	""	""	""	""
Kap	""	Ergebnis	Ansatz	Ansatz	Ansatz
Titel	Zweckbestimmung	2008 , 2009	2010	2011	2012
Nr	""	Tsd EUR	Tsd EUR	Tsd EUR	Tsd EUR
1	2	3	4	5	6
9-0-2--0---	""	""	""	""	""
526.01	Externe Unterstützungsleistungen Jahres- und	588 	905 	""	""
""	Konzernabschluss	181 	""	""	""
""	""	66 R	""	""	""
""	Übertragbar	""	""	""	""
""	(Weggefallener Ansatz)	""	""	""	""
""	Gegenseitig deckungsfähig sind 09.1.9020.525.01	""	""	""	""
""	09.1.9020.526.01 09.1.9020.535.01	""	""	""	""
""	09.1.9020.535.02 .	""	""	""	""
535.01	Drucklegung des Haushaltsplans und der	162 	110 	""	""
(011)	Haushaltsrechnung einschl. des sonstigen Materials	43 	""	""	""
""	""	165 R	""	""	""
""	Übertragbar	""	""	""	""
""	(Weggefallener Ansatz)	""	""	""	""
""	Gegenseitig deckungsfähig sind 09.1.9020.525.01	""	""	""	""
""	09.1.9020.526.01 09.1.9020.535.01	""	""	""	""
""	09.1.9020.535.02 .	""	""	""	""
535.02	Erstellung und Veröffentlichung Jahres- und	0 	125 	""	""
(011)	Konzernabschluss	202 	""	""	""
""	""	1 R	""	""	""
""	Übertragbar	""	""	""	""
""	(Weggefallener Ansatz)	""	""	""	""
""	Gegenseitig deckungsfähig sind 09.1.9020.525.01	""	""	""	""
""	09.1.9020.526.01 09.1.9020.535.01	""	""	""	""
""	09.1.9020.535.02 .	""	""	""	""
535.56	IT-Folgekosten	3.755 	3.776 	""	""
""	""	4.847 	""	""	""
""	""	59 R	""	""	""
""	Übertragbar	""	""	""	""
""	(Weggefallener Ansatz)	""	""	""	""
""	Einseitig deckungsfähig zugunsten	""	""	""	""
""	09.1.9020.671.56.	""	""	""	""
""	Gegenseitig deckungsfähig sind 09.1.9000.535.56	""	""	""	""
""	09.1.9020.535.56 09.1.9090.535.56	""	""	""	""
""	09.1.9100.535.56 09.1.9120.535.56 .	""	""	""	""
631.01	Zuweisung Hamburgs an den Bund zur Ablösung des	1 	2 	""	""
(029)	Biersteueranspruchs der Republik Österreich	1 	""	""	""
""	Übertragbar	""	""	""	""
""	(Weggefallener Ansatz)	""	""	""	""
632.01	Anteil Hamburgs an den Kosten der zentralen	16 	18 	""	""
(012)	Datenstelle der Landesfinanzminister und der	18 	""	""	""
""	Geschäftsführung der Finanzministerkonferenz	1 R	""	""	""
""	Übertragbar	""	""	""	""
""	(Weggefallener Ansatz)	""	""	""	""
632.91	Zuweisungen für Versorgungszuschläge an	1.621 	1.213 	""	""
""	Wirtschaftspläne	1.217 	""	""	""
""	""	9 R	""	""	""
""	Übertragbar	""	""	""	""
""	(Weggefallener Ansatz)	""	""	""	""
Kap	""	Ergebnis	Ansatz	Ansatz	Ansatz
Titel	Zweckbestimmung	2008 , 2009	2010	2011	2012
Nr	""	Tsd EUR	Tsd EUR	Tsd EUR	Tsd EUR
1	2	3	4	5	6
-9-0-20----	""	""	""	""	""
671.55	Erstattung der Kosten für die Inanspruchnahme des	46 	41 	""	""
""	behördeninternen Telefonverkehrs	41 	""	""	""
""	Übertragbar	""	""	""	""
""	(Weggefallener Ansatz)	""	""	""	""
""	Gegenseitig deckungsfähig sind 09.1.9000.671.55	""	""	""	""
""	09.1.9020.671.55 09.1.9030.671.55	""	""	""	""
""	09.1.9060.671.55 09.1.9090.671.55 .	""	""	""	""
671.56	Erstattung der Kosten für die Inanspruchnahme der	4.764 	4.864 	""	""
""	Dienstleistungen von Dataport	4.864 	""	""	""
""	Übertragbar	""	""	""	""
""	(Weggefallener Ansatz)	""	""	""	""
""	Einseitig deckungsfähig zulasten	""	""	""	""
""	09.1.9020.535.56.	""	""	""	""
""	Gegenseitig deckungsfähig sind 09.1.9000.671.56	""	""	""	""
""	09.1.9020.671.56 09.1.9090.671.56	""	""	""	""
""	09.1.9100.671.56 09.1.9120.671.56 .	""	""	""	""
671.68	Erstattung der Inanspruchnahme	0 	1.024 	""	""
""	zentraler Dienstleistung	0 	1.200 VE	""	""
""	(Weggefallener Ansatz)	""	""	""	""
""	Einseitig deckungsfähig zugunsten	""	""	""	""
""	09.1.9020.891.68.	""	""	""	""
""	Mehrausgaben dürfen geleistet werden in Höhe der	""	""	""	""
""	anteiligen Einnahmen bei 09.1.9020.119.68.	""	""	""	""
""	Mittel für einzelne Maßnahmen/Maßnahmegruppen	""	""	""	""
""	werden auf vorhandene oder einzurichtende Titel	""	""	""	""
""	der sachlich zuständigen Kapitel übertragen	""	""	""	""
682.01	Betriebszuschuss an den Wirtschaftsplan	9.708 	7.439 	""	""
""	Kasse.Hamburg	7.485 	""	""	""
""	""	99 R	""	""	""
""	Übertragbar	""	""	""	""
""	(Weggefallener Ansatz)	""	""	""	""
685.91	Mitgliedsbeiträge	0 	0 	""	""
""	""	0 	""	""	""
""	Übertragbar	""	""	""	""
""	Titelgruppe(n)	""	""	""	""
""	---------------	""	""	""	""
Z67	Haushaltsmodernisierung	""	""	""	""
--------	--------------------------------	""	""	""	""
422.67	Bezüge der Beamtinnen und Beamten	848 	1.700 	""	""
(012)	""	1.023 	""	""	""
""	""	1.174 R	""	""	""
""	Übertragbar	""	""	""	""
""	(Weggefallener Ansatz)	""	""	""	""
428.67	Entgelte der Arbeitnehmerinnen und Arbeitnehmer	243 	649 	""	""
(068)	""	362 	""	""	""
""	Übertragbar	""	""	""	""
""	(Weggefallener Ansatz)	""	""	""	""
Kap	""	Ergebnis	Ansatz	Ansatz	Ansatz
Titel	Zweckbestimmung	2008 , 2009	2010	2011	2012
Nr	""	Tsd EUR	Tsd EUR	Tsd EUR	Tsd EUR
1	2	3	4	5	6
9--0-20----	""	""	""	""	""
432.67	Kostenanteil an den Versorgungsbezügen der	250 	510 	""	""
(068)	Beamtinnen und Beamten	305 	""	""	""
""	""	378 R	""	""	""
""	Übertragbar	""	""	""	""
""	(Weggefallener Ansatz)	""	""	""	""
438.67	Kostenanteil an den Versorgungsbezügen	22 	58 	""	""
(068)	der Arbeitnehmerinnen und Arbeitnehmer	33 	""	""	""
""	Übertragbar	""	""	""	""
""	(Weggefallener Ansatz)	""	""	""	""
441.67	Kostenanteil an den Beihilfen	33 	68 	""	""
(940)	""	40 	""	""	""
""	""	53 R	""	""	""
""	Übertragbar	""	""	""	""
""	(Weggefallener Ansatz)	""	""	""	""
518.67	Mieten und Pachten	126 	302 	""	""
(012)	""	151 	""	""	""
""	""	233 R	""	""	""
""	Übertragbar	""	""	""	""
""	(Weggefallener Ansatz)	""	""	""	""
""	Mehrausgaben dürfen geleistet werden in Höhe der	""	""	""	""
""	anteiligen Einnahmen bei 09.1.9020.119.67.	""	""	""	""
525.67	Lehr- und Lernmittel, Aus- und Fortbildung	443 	1.500 	""	""
(012)	""	431 	""	""	""
""	Übertragbar	""	""	""	""
""	(Weggefallener Ansatz)	""	""	""	""
""	Mehrausgaben dürfen geleistet werden in Höhe der	""	""	""	""
""	anteiligen Einnahmen bei 09.1.9020.119.67.	""	""	""	""
526.67	Beratungsleistungen, Gutachten und Untersuchungen	6.683 	5.743 	""	""
(012)	""	8.674 	""	""	""
""	""	273 R	""	""	""
""	Übertragbar	""	""	""	""
""	(Weggefallener Ansatz)	""	""	""	""
""	Mehrausgaben dürfen geleistet werden in Höhe der	""	""	""	""
""	anteiligen Einnahmen bei 09.1.9020.119.67.	""	""	""	""
533.67	Sonstige sächliche Verwaltungsausgaben	65 	150 	""	""
(012)	""	191 	""	""	""
""	""	306 R	""	""	""
""	Übertragbar	""	""	""	""
""	(Weggefallener Ansatz)	""	""	""	""
""	Mehrausgaben dürfen geleistet werden in Höhe der	""	""	""	""
""	anteiligen Einnahmen bei 09.1.9020.119.67.	""	""	""	""
671.67	Erstattungen der Kosten für die Inanspruchnahme	31 	3.700 	""	""
(012)	der Dienstleistungen von Dataport	42 	""	""	""
""	""	1.230 R	""	""	""
""	Übertragbar	""	""	""	""
""	(Weggefallener Ansatz)	""	""	""	""
""	Mehrausgaben dürfen geleistet werden in Höhe der	""	""	""	""
""	anteiligen Einnahmen bei 09.1.9020.119.67.	""	""	""	""
Kap	""	Ergebnis	Ansatz	Ansatz	Ansatz
Titel	Zweckbestimmung	2008 , 2009	2010	2011	2012
Nr	""	Tsd EUR	Tsd EUR	Tsd EUR	Tsd EUR
1	2	3	4	5	6
9-0-2-0----	""	""	""	""	""
812.67	Investive Beschaffungen	0 	0 	-	-
(012)	""	0 	""	""	""
""	Übertragbar	""	""	""	""
""	(Weggefallener Ansatz)	""	""	""	""
""	Mittel für einzelne Maßnahmen/Maßnahmegruppen	""	""	""	""
""	werden auf vorhandene oder einzurichtende Titel	""	""	""	""
""	der sachlich zuständigen Kapitel übertragen	""	""	""	""
971.67	Zusatzaufwand der Behörden für die Einführung	0 	3.000 	""	""
(012)	Haushaltsmodernisierung	0 	""	""	""
""	""	2.737 R	""	""	""
""	Übertragbar	""	""	""	""
""	(Weggefallener Ansatz)	""	""	""	""
""	Mittel für einzelne Maßnahmen/Maßnahmegruppen	""	""	""	""
""	werden auf vorhandene oder einzurichtende Titel	""	""	""	""
""	der sachlich zuständigen Kapitel übertragen	""	""	""	""
""	 Summen für Z67	11.252	17.380	0	0
""	""	6.383 R	""	""	""
Z68	HERAKLES	""	""	""	""
--------	--------------------------------	""	""	""	""
422.68	Bezüge der Beamtinnen und Beamten	0 	731 	""	""
""	""	0 	""	""	""
""	(Weggefallener Ansatz)	""	""	""	""
432.68	Kostenanteil an den Versorgungsbezügen der	0 	219 	""	""
""	Beamtinnen und der Beamten	0 	""	""	""
""	Übertragbar	""	""	""	""
""	(Weggefallener Ansatz)	""	""	""	""
441.68	Kostenanteil an den Beihilfen	0 	29 	""	""
""	""	0 	""	""	""
""	(Weggefallener Ansatz)	""	""	""	""
525.68	Lehr- und Lernmittel, Aus- und Fortbildung	0 	125 	""	""
""	""	0 	""	""	""
""	(Weggefallener Ansatz)	""	""	""	""
526.68	Beratungsleistungen, Gutachten und Untersuchungen	0 	1.695 	""	""
""	""	0 	2.500 VE	""	""
""	(Weggefallener Ansatz)	""	""	""	""
""	Mehrausgaben dürfen geleistet werden in Höhe der	""	""	""	""
""	anteiligen Einnahmen bei 09.1.9020.119.68.	""	""	""	""
""	Mittel für einzelne Maßnahmen/Maßnahmegruppen	""	""	""	""
""	werden auf vorhandene oder einzurichtende Titel	""	""	""	""
""	der sachlich zuständigen Kapitel übertragen	""	""	""	""
Kap	""	E	rgebnis	Ansatz	Ansatz	Ansatz
Titel	Zweckbestimmung	200	8 , 2009	2010	2011	2012
Nr	""	T	sd EUR	Tsd EUR	Tsd EUR	Tsd EUR
1	2	""	3	4	5	6
-90-2-0----	""	""	""	""	""	""
533.68	Sonstige sächliche Verwaltungsausgaben	""	0 	200 	""	""
""	""	""	0 	200 VE	""	""
""	(Weggefallener Ansatz)	""	""	""	""	""
""	Einseitig deckungsfähig zugunsten	""	""	""	""	""
""	09.1.9020.812.68.	""	""	""	""	""
""	Mehrausgaben dürfen geleistet werden in Höhe der	""	""	""	""	""
""	anteiligen Einnahmen bei 09.1.9020.119.68.	""	""	""	""	""
""	 Summen für Z68	""	0	2.999	0	0
""	""	""	""	2.700 VE	""	""
812.56	Global veranschlagte Investitionsausgaben für	""	25.297 	0 	-	-
""	IT-Maßnahmen	""	4.298 	""	""	""
""	""	""	2.345-V	""	""	""
""	Übertragbar	""	""	""	""	""
""	(Weggefallener Ansatz)	""	""	""	""	""
812.68	Investive Beschaffung	""	0 	210 	""	""
""	""	""	0 	840 VE	""	""
""	Übertragbar	""	""	""	""	""
""	(Weggefallener Ansatz)	""	""	""	""	""
""	Einseitig deckungsfähig zulasten	""	""	""	""	""
""	09.1.9020.533.68.	""	""	""	""	""
""	Gegenseitig deckungsfähig sind 09.1.9020.812.68	""	""	""	""	""
""	09.1.9020.891.68 .	""	""	""	""	""
891.68	Investive Beschaffungen	""	0 	0 	""	""
""	""	""	0 	""	""	""
""	Übertragbar	""	""	""	""	""
""	(Weggefallener Ansatz)	""	""	""	""	""
""	Einseitig deckungsfähig zulasten	""	""	""	""	""
""	09.1.9020.671.68.	""	""	""	""	""
""	Gegenseitig deckungsfähig sind 09.1.9020.812.68	""	""	""	""	""
""	09.1.9020.891.68 .	""	""	""	""	""
""	Einseitig deckungsfähig zu Lasten 09.1.9020.671.68	""	""	""	""	""
892.56	Investitionszuschuss an den Wirtschaftsplan	""	0 	0 	-	-
""	Kasse.Hamburg für IT-Maßnahmen	""	0 	""	""	""
""	Übertragbar	""	""	""	""	""
""	(Weggefallener Ansatz)	""	""	""	""	""
971.68	Zusatzaufwand der Behörden und Ämter	""	0 	0 	""	""
""	""	""	0 	""	""	""
""	(Weggefallener Ansatz)	""	""	""	""	""
""	Mehrausgaben dürfen geleistet werden in Höhe der	""	""	""	""	""
""	anteiligen Einnahmen bei 09.1.9020.119.68.	""	""	""	""	""
""	Mittel für einzelne Maßnahmen/Maßnahmegruppen	""	""	""	""	""
""	werden auf vorhandene oder einzurichtende Titel	""	""	""	""	""
""	der sachlich zuständigen Kapitel übertragen	""	""	""	""	""
""	Gesamtausgaben	""	""	48.446 	969 	1.209 
""	Summe Verpflichtungsermächtigungen	""	""	4.740 VE	""	""
""	""	""	2.345-V	""	""	""
Kap	""	Ergebnis	Ansatz	Ansatz	Ansatz
Titel	Zweckbestimmung	2008 , 2009	2010	2011	2012
Nr	""	Tsd EUR	Tsd EUR	Tsd EUR	Tsd EUR
1	2	3	4	5	6
9030	Vermögens- und Beteiligungsmanagement	""	""	""	""
--------	--------------------------------	""	""	""	""
(062)	""	""	""	""	""
""	  EINNAHMEN	""	""	""	""
119.01	Aufsichtsratsvergütungen, Sitzungsgelder u.a. der	207 	250 	""	""
(960)	Vertreter der Freien und Hansestadt Hamburg in	290 	""	""	""
""	Wirtschaftsunternehmen	""	""	""	""
""	(Weggefallener Ansatz)	""	""	""	""
""	Die Mehreinnahmen dienen zur Deckung der	""	""	""	""
""	Mehrausgaben bei 09.1.9030.459.01.	""	""	""	""
119.98	Vermischte Einnahmen	37 	1 	-	-
""	""	4 	""	""	""
""	(Weggefallener Ansatz)	""	""	""	""
121.01	"Ablieferung des Wirtschaftsplans ""Hamburgische"	1.000 	500 	""	""
(859)	"Münze"""	1.000 	""	""	""
""	(Weggefallener Ansatz)	""	""	""	""
261.01	Verwaltungskostenentschädigungen	403 	507 	""	""
""	""	538 	""	""	""
""	(Weggefallener Ansatz)	""	""	""	""
""	Die Mehreinnahmen dienen zur Deckung der Ausgaben	""	""	""	""
""	bei 09.1.9030.548.01.	""	""	""	""
""	Gesamteinnahmen	""	1.258	0	0 
""	AUSGABEN	""	""	""	""
KRS	Kontenrahmen für Sachausgaben	447 	537 	-	-
""	""	648 	""	""	""
KRD	Kontenrahmen für Dienstbezüge	3.551 	3.605 	-	-
""	""	3.786 	""	""	""
""	""	""	147 R	""	""
KRN	Kontenrahmen für Nebenleistungen - Beihilfen, 	19 	0 	97 	97 
""	Unterstützungen u. dgl.	2 	""	""	""
KRN	Kontenrahmen für Nebenleistungen -	0 	0 	-	-
""	personalbezogene Sachausgaben	1 	""	""	""
KRV	Kontenrahmen für Versorgung 	508-	532-	245 	284 
""	""	380-	""	""	""
459.01	Pauschalaufwandsentschädigungen und Vergütungen	92 	161 	""	""
(940)	an die Vertreter der Freien und Hansestadt Hamburg	146 	""	""	""
""	in Wirtschaftsunternehmen	""	""	""	""
""	(Weggefallener Ansatz)	""	""	""	""
""	Mehrausgaben dürfen geleistet werden in Höhe der	""	""	""	""
""	Mehreinnahmen bei 09.1.9030.119.01.	""	""	""	""
Kap	""	Ergebnis	Ansatz	Ansatz	Ansatz
Titel	Zweckbestimmung	2008 , 2009	2010	2011	2012
Nr	""	Tsd EUR	Tsd EUR	Tsd EUR	Tsd EUR
1	2	3	4	5	6
-90-3-0----	""	""	""	""	""
535.56	IT-Folgekosten des Kredit-, Schulden- und	49 	150 	""	""
""	Fondsmanagements	55 	""	""	""
""	""	77 R	""	""	""
""	Übertragbar	""	""	""	""
""	(Weggefallener Ansatz)	""	""	""	""
""	Die Deckungsfähigkeit darf bis zur Höhe von	""	""	""	""
""	insgesamt 100 Tsd.EUR in Anspruch genommen werden.	""	""	""	""
548.01	Leistungen für Dritte	0 	0 	-	-
""	""	0 	""	""	""
""	""	31 R	""	""	""
""	Übertragbar	""	""	""	""
""	(Weggefallener Ansatz)	""	""	""	""
""	Ausgaben dürfen geleistet werden in Höhe der	""	""	""	""
""	Mehr- einnahmen bei 09.1.9030.261.01.	""	""	""	""
""	Mittel für einzelne Maßnahmen/Maßnahmegruppen	""	""	""	""
""	werden auf vorhandene oder einzurichtende Titel	""	""	""	""
""	der sachlich zuständigen Kapitel übertragen	""	""	""	""
671.55	Erstattung der Kosten für die Inanspruchnahme des	17 	19 	""	""
""	behördeninternen Telefonverkehrs	19 	""	""	""
""	Übertragbar	""	""	""	""
""	(Weggefallener Ansatz)	""	""	""	""
""	Gegenseitig deckungsfähig sind 09.1.9000.671.55	""	""	""	""
""	09.1.9020.671.55 09.1.9030.671.55	""	""	""	""
""	09.1.9060.671.55 09.1.9090.671.55 .	""	""	""	""
682.03	Zuschuss an die HGV zum Verlustausgleich (zentral	0 	0 	-	-
(859)	veranschlagt bei 9590.682.10), fachpolitische Zu-	0 	""	""	""
""	ständigkeit im Kapitel 9030: SpriAG	""	""	""	""
""	Zuwendungsanteil 100%	""	""	""	""
891.02	Ersatz von Aufwendungen der Realisierungsgesell-	0 	0 	""	""
""	schaft DA-Erweiterung mbH für den öffentlichen	0 	""	""	""
""	Hochwasserschutz	""	""	""	""
""	(Weggefallener Ansatz)	""	""	""	""
""	Gesamtausgaben	""	3.940 	342 	381 
""	Summe Verpflichtungsermächtigungen	""	""	""	""
9045	Sondervermögen Schule - Bau und Betrieb	""	""	""	""
--------	--------------------------------	""	""	""	""
(129)	""	""	""	""	""
""	  EINNAHMEN	""	""	""	""
154.01	Zinsen aus dem Darlehen für das Sondervermögen	0 	65.145 	""	""
""	Schule - Bau und Betrieb	0 	""	""	""
""	Übertragbar	""	""	""	""
""	(Weggefallener Ansatz)	""	""	""	""
Kap	""	Ergebnis	Ansatz	Ansatz	Ansatz
Titel	Zweckbestimmung	2008 , 2009	2010	2011	2012
Nr	""	Tsd EUR	Tsd EUR	Tsd EUR	Tsd EUR
1	2	3	4	5	6
-9-04-5----	""	""	""	""	""
""	Gesamteinnahmen	""	65.145	0	0 
""	AUSGABEN	""	""	""	""
KRV	Kontenrahmen für Versorgung 	0 	4.041-	2.337-	2.337-
""	""	0 	""	""	""
632.91	Zuweisungen für Versorgungszuschläge an	0 	4.041 	2.337 	2.337 
""	Wirtschaftspläne	0 	""	""	""
""	Übertragbar	""	""	""	""
685.01	Zuweisung an den Wirtschaftsplan des	0 	0 	""	""
""	Sondervermögens Schule - Bau und Betrieb	0 	""	""	""
""	Übertragbar	""	""	""	""
891.01	Investitionszuschuss an den Wirtschaftsplan des	0 	500 	500 	""
""	Sondervermögens Schule - Bau und Betrieb	0 	""	""	""
""	Übertragbar	""	""	""	""
891.56	Investitionszuschuss an den Wirtschaftsplan des	0 	0 	""	""
""	Sondervermögens Schule - Bau und Betrieb	0 	""	""	""
""	Übertragbar	""	""	""	""
""	Gesamtausgaben	""	500 	500 	0 
""	Summe Verpflichtungsermächtigungen	""	""	""	""
9060	Koordination und Steuerung der Bezirksverwaltung	""	""	""	""
--------	--------------------------------	""	""	""	""
(012)	""	""	""	""	""
""	  EINNAHMEN	""	""	""	""
111.03	Gebühren nach der Anlage zum Gebührengesetz und	0 	50 	""	""
""	sonstige Gebühren	60 	""	""	""
""	(Weggefallener Ansatz)	""	""	""	""
119.98	Vermischte Einnahmen	0 	0 	-	-
""	""	0 	""	""	""
""	(Weggefallener Ansatz)	""	""	""	""
""	Gesamteinnahmen	""	50	0	0 
""	AUSGABEN	""	""	""	""
KRS	Kontenrahmen für Sachausgaben	323 	469 	-	-
""	""	419 	""	""	""
KRD	Kontenrahmen für Dienstbezüge	1.923 	3.889 	-	-
""	""	3.739 	""	""	""
""	""	""	530 R	""	""
Kap	""	Ergebnis	Ansatz	Ansatz	Ansatz
Titel	Zweckbestimmung	2008 , 2009	2010	2011	2012
Nr	""	Tsd EUR	Tsd EUR	Tsd EUR	Tsd EUR
1	2	3	4	5	6
9-0-6-0----	""	""	""	""	""
KRN	Kontenrahmen für Nebenleistungen - Beihilfen, 	32 	0 	89 	89 
""	Unterstützungen u. dgl.	39 	""	""	""
KRN	Kontenrahmen für Nebenleistungen -	0 	0 	-	-
""	personalbezogene Sachausgaben	0 	""	""	""
KRV	Kontenrahmen für Versorgung 	395 	16 	750 	765 
""	""	34 	""	""	""
Kap	""	Ergebnis	Ansatz	Ansatz	Ansatz
Titel	Zweckbestimmung	2008 , 2009	2010	2011	2012
Nr	""	Tsd EUR	Tsd EUR	Tsd EUR	Tsd EUR
1	2	3	4	5	6
9-0--6-0---	""	""	""	""	""
459.95	Prämien im Rahmen des betrieblichen	0 	0 	-	-
""	Vorschlagwesens	0 	""	""	""
""	(Weggefallener Ansatz)	""	""	""	""
526.02	Beratungsleistungen, Gutachten und Untersuchungen	0 	50 	""	""
""	Verwaltungsmodernisierung	55 	""	""	""
""	""	90 R	""	""	""
""	Übertragbar	""	""	""	""
""	(Weggefallener Ansatz)	""	""	""	""
""	Gegenseitig deckungsfähig sind 09.1.9060.526.02	""	""	""	""
""	09.1.9060.533.02 .	""	""	""	""
533.02	Veröffentlichungen, Veranstaltungen Verwaltungs-	0 	15 	""	""
""	modernisierung	1 	""	""	""
""	""	14 R	""	""	""
""	(Weggefallener Ansatz)	""	""	""	""
""	Gegenseitig deckungsfähig sind 09.1.9060.526.02	""	""	""	""
""	09.1.9060.533.02 .	""	""	""	""
671.01	Erstattungen an den Landesbetrieb Geoinformation	0 	100 	""	""
""	und Vermessung für Leistungen	269 	480 VE	""	""
""	""	56 R	""	""	""
""	Übertragbar	""	""	""	""
""	(Weggefallener Ansatz)	""	""	""	""
671.55	Erstattung der Kosten für die Inanspruchnahme	10 	14 	""	""
""	des behördeninternen Telefonverkehrs	14 	""	""	""
""	Übertragbar	""	""	""	""
""	(Weggefallener Ansatz)	""	""	""	""
""	Gegenseitig deckungsfähig sind 09.1.9000.671.55	""	""	""	""
""	09.1.9020.671.55 09.1.9030.671.55	""	""	""	""
""	09.1.9060.671.55 09.1.9090.671.55 .	""	""	""	""
""	Titelgruppe(n)	""	""	""	""
""	---------------	""	""	""	""
Z61	Projekt Verwaltungsreform	""	""	""	""
--------	--------------------------------	""	""	""	""
438.61	Kostenanteil an den Versorgungsbezügen der	0 	0 	""	""
""	Arbeitnehmerinnen und Arbeitnehmer	0 	""	""	""
""	(Weggefallener Ansatz)	""	""	""	""
547.61	Sonstige sächliche Verwaltungsausgaben	5 	0 	""	""
""	""	4 	""	""	""
""	""	7 R	""	""	""
""	Übertragbar	""	""	""	""
""	(Weggefallener Ansatz)	""	""	""	""
""	 Summen für Z61	4	0	0	0
""	""	7 R	""	""	""
""	Gesamtausgaben	""	4.553 	839 	854 
""	Summe Verpflichtungsermächtigungen	""	480 VE	""	""
Kap	""	Ergebnis	Ansatz	Ansatz	Ansatz
Titel	Zweckbestimmung	2008 , 2009	2010	2011	2012
Nr	""	Tsd EUR	Tsd EUR	Tsd EUR	Tsd EUR
1	2	3	4	5	6
9090	Organisation	""	""	""	""
--------	--------------------------------	""	""	""	""
(019)	""	""	""	""	""
""	  EINNAHMEN	""	""	""	""
111.03	Gebühren nach der Anlage zum Gebührengesetz und	34 	20 	""	""
(012)	sonstige Gebühren	15 	""	""	""
""	(Weggefallener Ansatz)	""	""	""	""
119.01	Einnahmen aus der Veräußerung von Broschüren und	0 	0 	-	-
""	der Durchführung von Schulungs- und Beratungs-	0 	""	""	""
""	leistungen	""	""	""	""
""	Die Einnahmen dienen zur Deckung der Mehrausgaben	""	""	""	""
""	bei 09.1.9090.534.01.	""	""	""	""
119.02	Ersatzleistungen aus Versicherungsverträgen	180-	0 	-	-
(960)	""	0 	""	""	""
""	(Weggefallener Ansatz)	""	""	""	""
119.04	Einnahmen aus Erstattungen von	0 	1.540 	""	""
(960)	Gebäudeversicherungsprämien	0 	""	""	""
""	(Weggefallener Ansatz)	""	""	""	""
119.56	Einnahmen aus IT-Dienstleistungen	40 	0 	-	-
""	""	0 	""	""	""
""	(Weggefallener Ansatz)	""	""	""	""
119.92	Schadenersatzleistungen	372 	600 	""	""
(012)	""	511 	""	""	""
""	(Weggefallener Ansatz)	""	""	""	""
119.98	Vermischte Einnahmen	0 	15 	""	""
""	""	1 	""	""	""
""	(Weggefallener Ansatz)	""	""	""	""
124.01	Einnahmen aus der Vermietung von Gebäude-	0 	0 	""	""
""	und Grundstücksflächen Billstraße 82 - 84	0 	""	""	""
132.01	Erlöse aus der Veräußerung von beweglichen Sachen	0 	0 	-	-
(960)	""	0 	""	""	""
""	(Weggefallener Ansatz)	""	""	""	""
132.02	Erlöse aus der Veräußerung von Fahrzeugen	141 	180 	""	""
(960)	""	167 	""	""	""
""	(Weggefallener Ansatz)	""	""	""	""
Kap	""	Ergebnis	Ansatz	Ansatz	Ansatz
Titel	Zweckbestimmung	2008 , 2009	2010	2011	2012
Nr	""	Tsd EUR	Tsd EUR	Tsd EUR	Tsd EUR
1	2	3	4	5	6
9-0--90----	""	""	""	""	""
261.02	Erstattung der Kosten BTS durch Dritte	530 	147 	""	""
(439)	""	549 	""	""	""
""	(Weggefallener Ansatz)	""	""	""	""
""	Die Mehreinnahmen dienen zur Deckung der	""	""	""	""
""	Mehrausgaben bei 09.1.9090.547.61.	""	""	""	""
261.03	Anteil der Unternehmen und Landesbetriebe an den	667 	800 	""	""
(012)	Kfz-Haftpflichtaufwendungen	1.146 	""	""	""
""	(Weggefallener Ansatz)	""	""	""	""
""	500000.00  EUR der Einnahmen dienen zur Deckung	""	""	""	""
""	der über die Grundbewilligung hinausgehenden	""	""	""	""
""	Ausgaben bei 09.1.9090.681.94.	""	""	""	""
261.04	Erstattung für Inanspruchnahme IT-Projektpool	0 	0 	""	""
""	""	0 	""	""	""
""	Übertragbar	""	""	""	""
382.01	Erstattung der Beiträge für Kraftfahrzeug-	123 	0 	-	-
(012)	versicherungen	181 	""	""	""
""	""	8 R	""	""	""
""	(Weggefallener Ansatz)	""	""	""	""
""	Die Einnahmen dienen zur Deckung der Ausgaben bei	""	""	""	""
""	09.1.9090.982.01	""	""	""	""
382.02	Erstattung der Beiträge Allgemeine Haftpflicht-	0 	0 	-	-
(012)	versicherungen	0 	""	""	""
""	(Weggefallener Ansatz)	""	""	""	""
""	Die Einnahmen dienen zur Deckung der Ausgaben bei	""	""	""	""
""	09.1.9090.982.02	""	""	""	""
""	Gesamteinnahmen	""	3.302	0	0 
""	AUSGABEN	""	""	""	""
KRS	Kontenrahmen für Sachausgaben	133 	858 	-	-
""	""	550 	""	""	""
KRD	Kontenrahmen für Dienstbezüge	2.165 	5.779 	-	-
""	""	7.339 	""	""	""
""	""	""	102 R	""	""
KRN	Kontenrahmen für Nebenleistungen - Beihilfen, 	32 	0 	161 	161 
""	Unterstützungen u. dgl.	30 	""	""	""
KRV	Kontenrahmen für Versorgung 	181-	1.253-	393 	434 
""	""	1.098-	""	""	""
412.01	Aufwandsentschädigungen für ehrenamtliche	0 	5 	""	""
(012)	Beisitzer der Enteignungsbehörde und der Vergabe-	0 	""	""	""
""	kammer	""	""	""	""
""	Übertragbar	""	""	""	""
""	(Weggefallener Ansatz)	""	""	""	""
""	Gegenseitig deckungsfähig sind 09.1.9000.412.01	""	""	""	""
""	09.1.9090.412.01 .	""	""	""	""
Kap	""	Ergebnis	Ansatz	Ansatz	Ansatz
Titel	Zweckbestimmung	2008 , 2009	2010	2011	2012
Nr	""	Tsd EUR	Tsd EUR	Tsd EUR	Tsd EUR
1	2	3	4	5	6
9--09-0----	""	""	""	""	""
459.95	Prämien im Rahmen des betrieblichen	25 	26 	""	""
(940)	Vorschlagwesens	10 	""	""	""
""	""	35 R	""	""	""
""	Übertragbar	""	""	""	""
""	(Weggefallener Ansatz)	""	""	""	""
""	Gegenseitig deckungsfähig sind 09.1.9090.459.95	""	""	""	""
""	09.1.9090.534.01 09.1.9090.685.91 .	""	""	""	""
517.03	Gebäudeversicherungen für hamburgischen	553 	1.079 	""	""
(871)	Grundbesitz	2.376 	""	""	""
""	(Weggefallener Ansatz)	""	""	""	""
518.01	Leasing von Fahrzeugen (Ersatzbedarf,	66 	100 	""	""
(960)	soweit nicht anderweitig veranschlagt)	83 	25 VE	""	""
""	""	50 R	""	""	""
""	Übertragbar	""	""	""	""
""	(Weggefallener Ansatz)	""	""	""	""
519.01	Unterhaltung der Grundstücke und baulichen Anlagen	7 	0 	""	""
(960)	sowie die Übernahme von Kosten für Leitungswasser-	56 	""	""	""
""	schäden bei der IMPF	""	""	""	""
""	(Weggefallener Ansatz)	""	""	""	""
525.56	IT-Spezialisten-Schulung und zentrale Schulungs-	184 	311 	""	""
""	und sonstige Qualifizierungsmaßnahmen und	97 	""	""	""
""	Beratungsmaßnahmen	60 R	""	""	""
""	(Weggefallener Ansatz)	""	""	""	""
526.01	Beratungsleistungen, Gutachten und Untersuchungen	20 	70 	""	""
(012)	E-Government	7 	""	""	""
""	""	239 R	""	""	""
""	Übertragbar	""	""	""	""
""	(Weggefallener Ansatz)	""	""	""	""
""	Gegenseitig deckungsfähig sind 09.1.9090.526.01	""	""	""	""
""	09.1.9090.533.02 .	""	""	""	""
526.02	Beratungsleistungen, Gutachten und Untersuchungen	0 	0 	""	""
""	Verwaltungsmodernisierung	22 	""	""	""
""	""	18 R	""	""	""
""	Übertragbar	""	""	""	""
""	(Weggefallener Ansatz)	""	""	""	""
532.01	Versicherungen	2 	4 	""	""
(960)	""	1 	""	""	""
""	""	10 R	""	""	""
""	Übertragbar	""	""	""	""
""	(Weggefallener Ansatz)	""	""	""	""
532.02	Kraftfahrzeugsteuer	202 	215 	""	""
(960)	""	166 	""	""	""
""	""	59 R	""	""	""
""	Übertragbar	""	""	""	""
""	(Weggefallener Ansatz)	""	""	""	""
Kap	""	Ergebnis	Ansatz	Ansatz	Ansatz
Titel	Zweckbestimmung	2008 , 2009	2010	2011	2012
Nr	""	Tsd EUR	Tsd EUR	Tsd EUR	Tsd EUR
1	2	3	4	5	6
9-0-9-0----	""	""	""	""	""
533.01	Abgeltung urheberrechtlicher Ansprüche	43 	42 	""	""
(062)	""	44 	""	""	""
""	Übertragbar	""	""	""	""
""	(Weggefallener Ansatz)	""	""	""	""
533.02	Veröffentlichungen, Veranstaltungen  E-Gouvernment	8 	123 	""	""
""	""	69 	""	""	""
""	""	186 R	""	""	""
""	Übertragbar	""	""	""	""
""	(Weggefallener Ansatz)	""	""	""	""
""	Gegenseitig deckungsfähig sind 09.1.9090.526.01	""	""	""	""
""	09.1.9090.533.02 .	""	""	""	""
534.01	Maßnahmen zur Organisationsentwicklung	167 	375 	""	""
(062)	""	448 	250 VE	""	""
""	""	394 R	""	""	""
""	Übertragbar	""	""	""	""
""	(Weggefallener Ansatz)	""	""	""	""
""	Gegenseitig deckungsfähig sind 09.1.9090.459.95	""	""	""	""
""	09.1.9090.534.01 09.1.9090.685.91 .	""	""	""	""
""	Mehrausgaben dürfen geleistet werden in Höhe der	""	""	""	""
""	Einnahmen bei 09.1.9090.119.01.	""	""	""	""
""	Mittel für einzelne Maßnahmen/Maßnahmegruppen	""	""	""	""
""	werden auf vorhandene oder einzurichtende Titel	""	""	""	""
""	der sachlich zuständigen Kapitel übertragen	""	""	""	""
""	Bis zu 0.5 Mio EUR dürfen von 9890.971.03	""	""	""	""
""	übertragen werden	""	""	""	""
535.01	Dienstleistungshonorar für das Immobilien-Service-	885 	800 	""	""
(960)	Zentrum (ISZ) bei der SpriAG sowie Verfahrens- und	811 	""	""	""
""	Folgekosten in Zusammenhang mit PRIMO	12 R	""	""	""
""	(Weggefallener Ansatz)	""	""	""	""
535.56	IT-Folgekosten für behördenübergreifende Verfahren	0 	0 	""	""
(062)	""	7.766 	""	""	""
""	""	92 R	""	""	""
""	Übertragbar	""	""	""	""
""	(Weggefallener Ansatz)	""	""	""	""
""	Einseitig deckungsfähig zugunsten	""	""	""	""
""	09.1.9090.671.56.	""	""	""	""
""	Gegenseitig deckungsfähig sind 09.1.9000.535.56	""	""	""	""
""	09.1.9020.535.56 09.1.9090.535.56	""	""	""	""
""	09.1.9100.535.56 09.1.9120.535.56 .	""	""	""	""
536.56	Nutzungsentgelte für juristische Datenbanken	319 	310 	""	""
""	""	352 	""	""	""
""	(Weggefallener Ansatz)	""	""	""	""
548.02	Nebenkosten der Versteigerungen	4 	0 	-	-
""	""	5 	""	""	""
""	""	51 R	""	""	""
""	Übertragbar	""	""	""	""
""	(Weggefallener Ansatz)	""	""	""	""
Kap	""	Ergebnis	Ansatz	Ansatz	Ansatz
Titel	Zweckbestimmung	2008 , 2009	2010	2011	2012
Nr	""	Tsd EUR	Tsd EUR	Tsd EUR	Tsd EUR
1	2	3	4	5	6
-9-09--0---	""	""	""	""	""
671.01	Erstattungen an den Landesbetrieb Geoinformation	0 	20 	""	""
(012)	und Vermessung für Leistungen	0 	""	""	""
""	""	20 R	""	""	""
""	Übertragbar	""	""	""	""
""	(Weggefallener Ansatz)	""	""	""	""
""	Einseitig deckungsfähig zugunsten	""	""	""	""
""	09.1.9000.671.01.	""	""	""	""
671.55	Erstattung der Kosten für die Inanspruchnahme des	6 	35 	""	""
""	behördeninternen Telefonverkehrs	35 	""	""	""
""	Übertragbar	""	""	""	""
""	(Weggefallener Ansatz)	""	""	""	""
""	Gegenseitig deckungsfähig sind 09.1.9000.671.55	""	""	""	""
""	09.1.9020.671.55 09.1.9030.671.55	""	""	""	""
""	09.1.9060.671.55 09.1.9090.671.55 .	""	""	""	""
671.56	Erstattung der Kosten für die Inanspruchnahme der	0 	1.397 	""	""
(062)	Dienstleistungen von Dataport für behördenüber-	4.337 	""	""	""
""	greifende IT-Verfahren	""	""	""	""
""	Übertragbar	""	""	""	""
""	(Weggefallener Ansatz)	""	""	""	""
""	Einseitig deckungsfähig zulasten	""	""	""	""
""	09.1.9090.535.56.	""	""	""	""
""	Gegenseitig deckungsfähig sind 09.1.9000.671.56	""	""	""	""
""	09.1.9020.671.56 09.1.9090.671.56	""	""	""	""
""	09.1.9100.671.56 09.1.9120.671.56 .	""	""	""	""
681.94	Schadenersatzleistungen aus	2.368 	2.600 	""	""
(960)	Kraftfahrzeughaftpflichtschäden	2.739 	""	""	""
""	""	658 R	""	""	""
""	Übertragbar	""	""	""	""
""	GB 2011 0 	""	""	""	""
""	GB 2012 0 	""	""	""	""
""	(Weggefallener Ansatz)	""	""	""	""
""	Über die Grundbewilligung hinaus dürfen Ausgaben	""	""	""	""
""	geleistet werden i.H.v. 500000.00  EUR der	""	""	""	""
""	Einnahmen bei 09.1.9090.261.03.	""	""	""	""
682.01	Zuschuss an die HGV zum Verlustausgleich (zentral	0 	0 	-	-
(859)	veranschlagt bei 9590.682.10), fachpolitische Zu-	0 	""	""	""
""	ständigkeit im Kapitel 9000: SGG	""	""	""	""
""	Zuwendungsanteil 100%	""	""	""	""
685.91	Mitgliedsbeiträge	45 	46 	""	""
(062)	""	44 	""	""	""
""	""	6 R	""	""	""
""	Übertragbar	""	""	""	""
""	(Weggefallener Ansatz)	""	""	""	""
""	Gegenseitig deckungsfähig sind 09.1.9090.459.95	""	""	""	""
""	09.1.9090.534.01 09.1.9090.685.91 .	""	""	""	""
""	Titelgruppe(n)	""	""	""	""
""	---------------	""	""	""	""
Z61	Behörden-Transport-Service	""	""	""	""
--------	--------------------------------	""	""	""	""
Kap	""	Ergebnis	Ansatz	Ansatz	Ansatz
Titel	Zweckbestimmung	2008 , 2009	2010	2011	2012
Nr	""	Tsd EUR	Tsd EUR	Tsd EUR	Tsd EUR
1	2	3	4	5	6
9-0-9-0----	""	""	""	""	""
422.61	Bezüge der Beamtinnen und Beamten	141 	102 	""	""
(012)	""	97 	""	""	""
""	""	38 R	""	""	""
""	Übertragbar	""	""	""	""
""	(Weggefallener Ansatz)	""	""	""	""
427.61	Beschäftigungsentgelte, Aufwendungen für	0 	0 	-	-
(012)	nebenamtlich und nebenberuflich Tätige	0 	""	""	""
""	Übertragbar	""	""	""	""
""	(Weggefallener Ansatz)	""	""	""	""
428.61	Entgelte der Arbeitnehmerinnen und Arbeitnehmer	589 	798 	""	""
(012)	""	511 	""	""	""
""	""	545 R	""	""	""
""	Übertragbar	""	""	""	""
""	(Weggefallener Ansatz)	""	""	""	""
432.61	Kostenanteil an den Versorgungsbezügen der	42 	31 	""	""
(018)	Beamtinnen und Beamten	29 	""	""	""
""	""	11 R	""	""	""
""	Übertragbar	""	""	""	""
438.61	Versorgungsbezüge der Arbeitnehmerinnen und	50 	72 	""	""
(018)	Arbeitnehmer	44 	""	""	""
""	""	62 R	""	""	""
""	Übertragbar	""	""	""	""
441.61	Kostenanteil an den Beihilfen	6 	5 	""	""
(940)	""	4 	""	""	""
""	""	2 R	""	""	""
""	Übertragbar	""	""	""	""
459.61	Sonstige personalbezogene Sachausgaben	0 	0 	-	-
(940)	""	0 	""	""	""
""	Übertragbar	""	""	""	""
""	(Weggefallener Ansatz)	""	""	""	""
514.61	Unterhaltung von Dienstfahrzeugen	315 	154 	""	""
(439)	""	237 	""	""	""
""	Übertragbar	""	""	""	""
""	(Weggefallener Ansatz)	""	""	""	""
517.61	Bewirtschaftung der Grundstücke	26 	29 	""	""
(439)	""	28 	""	""	""
""	""	7 R	""	""	""
""	Übertragbar	""	""	""	""
""	(Weggefallener Ansatz)	""	""	""	""
518.61	Mieten und Pachten	218 	224 	""	""
(439)	""	236 	""	""	""
""	""	54 R	""	""	""
""	Übertragbar	""	""	""	""
""	(Weggefallener Ansatz)	""	""	""	""
Kap	""	Ergebnis	Ansatz	Ansatz	Ansatz
Titel	Zweckbestimmung	2008 , 2009	2010	2011	2012
Nr	""	Tsd EUR	Tsd EUR	Tsd EUR	Tsd EUR
1	2	3	4	5	6
9-0-9-0----	""	""	""	""	""
519.61	Unterhaltung der Grundstücke	6 	12 	""	""
(439)	""	1 	""	""	""
""	""	22 R	""	""	""
""	Übertragbar	""	""	""	""
""	(Weggefallener Ansatz)	""	""	""	""
""	Gegenseitig deckungsfähig sind 09.1.9000.519.01	""	""	""	""
""	09.1.9090.519.61 .	""	""	""	""
532.61	Kraftfahrzeugsteuer	0 	0 	""	""
(960)	""	0 	""	""	""
""	Übertragbar	""	""	""	""
""	(Weggefallener Ansatz)	""	""	""	""
547.61	Sonstige sächliche Verwaltungsausgaben	224 	387 	""	""
(439)	""	264 	""	""	""
""	""	1.266 R	""	""	""
""	Übertragbar	""	""	""	""
""	(Weggefallener Ansatz)	""	""	""	""
""	Mehrausgaben dürfen geleistet werden in Höhe der	""	""	""	""
""	Mehreinnahmen bei 09.1.9090.261.02.	""	""	""	""
671.61	Zahlung von Verwaltungskostenentschädigungen  an	17 	38 	""	""
(012)	die Behörde für Wirtschaft und Arbeit	16 	""	""	""
""	""	22 R	""	""	""
""	Übertragbar	""	""	""	""
""	(Weggefallener Ansatz)	""	""	""	""
""	 Summen für Z61	1.468	1.852	0	0
""	""	2.029 R	""	""	""
Z62	IT-Pool	""	""	""	""
--------	--------------------------------	""	""	""	""
422.62	Bezüge der Beamtinnen und Beamten	205 	400 	""	""
(062)	""	94 	""	""	""
""	""	710 R	""	""	""
""	(Weggefallener Ansatz)	""	""	""	""
428.62	Entgelte der Arbeitnehmerinnen und Arbeitnehmer	375 	1.628 	""	""
(062)	""	314 	""	""	""
""	""	2.153 R	""	""	""
""	(Weggefallener Ansatz)	""	""	""	""
432.62	Kostenanteil an den Versorgungsbezügen der	62 	120 	""	""
(068)	Beamtinnen und Beamten	18 	""	""	""
""	""	225 R	""	""	""
""	(Weggefallener Ansatz)	""	""	""	""
438.62	Kostenanteil an den Versorgungsbezügen der	34 	147 	""	""
(068)	Arbeitnehmerinnen und Arbeitnehmer	28 	""	""	""
""	""	194 R	""	""	""
""	(Weggefallener Ansatz)	""	""	""	""
Kap	""	Ergebnis	Ansatz	Ansatz	Ansatz
Titel	Zweckbestimmung	2008 , 2009	2010	2011	2012
Nr	""	Tsd EUR	Tsd EUR	Tsd EUR	Tsd EUR
1	2	3	4	5	6
-9-0-90----	""	""	""	""	""
441.62	Kostenanteil an den Beihilfen	8 	16 	""	""
(940)	""	2 	""	""	""
""	""	31 R	""	""	""
""	(Weggefallener Ansatz)	""	""	""	""
""	 Summen für Z62	457	2.311	0	0
""	""	3.314 R	""	""	""
812.01	Beschaffung von Geräten und Ausstattungsgegen-	0 	0 	-	-
(012)	ständen	0 	""	""	""
""	""	50 R	""	""	""
""	Übertragbar	""	""	""	""
""	(Weggefallener Ansatz)	""	""	""	""
812.03	Rationalisierungsbeschaffungen für die Reinigung	0 	10 	""	""
(439)	öffentlicher Gebäude einschl. Folgemaßnahmen	0 	""	""	""
""	""	61 R	""	""	""
""	Übertragbar	""	""	""	""
""	(Weggefallener Ansatz)	""	""	""	""
""	Mittel für einzelne Maßnahmen/Maßnahmegruppen	""	""	""	""
""	werden auf vorhandene oder einzurichtende Titel	""	""	""	""
""	der sachlich zuständigen Kapitel übertragen	""	""	""	""
891.55	Zentrale Beschaffung von IT- Standard -Ersatzbe-	2.142 	0 	""	""
""	darf durch Dataport	5.245 	""	""	""
""	""	1 R	""	""	""
""	Übertragbar	""	""	""	""
""	(Weggefallener Ansatz)	""	""	""	""
982.01	Beiträge für Kraftfahrzeugversicherungen	172 	0 	-	-
(012)	""	147 	""	""	""
""	Übertragbar	""	""	""	""
""	(Weggefallener Ansatz)	""	""	""	""
""	Ausgaben dürfen geleistet werden in Höhe der	""	""	""	""
""	Einnahmen bei 09.1.9090.382.01	""	""	""	""
982.02	Beiträge für Haftpflichtversicherungen	0 	0 	-	-
(012)	""	0 	""	""	""
""	Übertragbar	""	""	""	""
""	Ausgaben dürfen geleistet werden in Höhe der	""	""	""	""
""	Einnahmen bei 09.1.9090.382.02	""	""	""	""
""	Gesamtausgaben	""	17.115 	554 	595 
""	Summe Verpflichtungsermächtigungen	""	275 VE	""	""
9100	Steuerverwaltung	""	""	""	""
""	und Finanzämter 	""	""	""	""
--------	--------------------------------	""	""	""	""
(061)	""	""	""	""	""
""	  EINNAHMEN	""	""	""	""
111.04	Gebühren nach dem Steuerberatungsgesetz	337 	0 	""	""
""	""	0 	""	""	""
Kap	""	Ergebnis	Ansatz	Ansatz	Ansatz
Titel	Zweckbestimmung	2008 , 2009	2010	2011	2012
Nr	""	Tsd EUR	Tsd EUR	Tsd EUR	Tsd EUR
1	2	3	4	5	6
9-1-0-0----	""	""	""	""	""
""	(Weggefallener Ansatz)	""	""	""	""
111.41	Entgelte für die Mitbenutzung der Landesfinanz-	1 	1 	""	""
""	schule Hammer Steindamm	9 	""	""	""
""	(Weggefallener Ansatz)	""	""	""	""
""	Die Einnahmen dienen zur Deckung der über die	""	""	""	""
""	Grundbewilligung hinausgehenden Ausgaben bei	""	""	""	""
""	09.1.9100.511.61.	""	""	""	""
111.52	Kostenbeiträge für die Teilnahme an Bildungs-	34 	0 	-	-
""	veranstaltungen sowie für Lehr- und Lernmittel	30 	""	""	""
""	(Weggefallener Ansatz)	""	""	""	""
""	Die Einnahmen dienen zur Deckung der Mehrausgaben	""	""	""	""
""	bei 09.1.9100.525.61.	""	""	""	""
Kap	""	Ergebnis	Ansatz	Ansatz	Ansatz
Titel	Zweckbestimmung	2008 , 2009	2010	2011	2012
Nr	""	Tsd EUR	Tsd EUR	Tsd EUR	Tsd EUR
1	2	3	4	5	6
-91-0-0----	""	""	""	""	""
119.02	Einnahmen aus dem Verkauf von IT-Verbrauchs-	4 	3 	""	""
""	material	5 	""	""	""
""	(Weggefallener Ansatz)	""	""	""	""
""	Die Einnahmen dienen zur Deckung der über die	""	""	""	""
""	Grundbewilligung hinausgehenden Ausgaben bei	""	""	""	""
""	09.1.9100.535.56.	""	""	""	""
119.95	Einnahmen aus Mahnkosten, Verspätungszuschlägen	0 	0 	-	-
""	und Stundungszinsen	0 	""	""	""
121.03	Ablieferung aus lfd. Verwaltungstätigkeit des	0 	0 	""	""
""	Auswahlbereiches 137	0 	""	""	""
""	Übertragbar	""	""	""	""
124.92	Einnahmen aus Dienst- und Werkdienstwohnungen	6 	7 	""	""
""	sowie aus Personalunterkünften	7 	""	""	""
""	(Weggefallener Ansatz)	""	""	""	""
""	Gesamteinnahmen	""	11	0	0 
""	AUSGABEN	""	""	""	""
KRD	Kontenrahmen für Dienstbezüge	12.866 	13.325 	-	-
""	""	13.348 	""	""	""
KRN	Kontenrahmen für Nebenleistungen - Beihilfen, 	88 	0 	343 	343 
""	Unterstützungen u. dgl.	97 	""	""	""
KRN	Kontenrahmen für Nebenleistungen -	0 	0 	-	-
""	personalbezogene Sachausgaben	0 	""	""	""
KRV	Kontenrahmen für Versorgung 	52.366 	46.927 	12.107 	14.376 
""	""	52.419 	""	""	""
459.95	Prämien im Rahmen des betrieblichen	0 	0 	-	-
""	Vorschlagwesens	2 	""	""	""
""	(Weggefallener Ansatz)	""	""	""	""
535.56	IT-Investitionsfolgekosten	2.035 	2.638 	""	""
""	""	2.286 	""	""	""
""	Übertragbar	""	""	""	""
""	(Weggefallener Ansatz)	""	""	""	""
""	Einseitig deckungsfähig zugunsten	""	""	""	""
""	09.1.9100.671.56.	""	""	""	""
""	Gegenseitig deckungsfähig sind 09.1.9000.535.56	""	""	""	""
""	09.1.9020.535.56 09.1.9090.535.56	""	""	""	""
""	09.1.9100.535.56 09.1.9120.535.56 .	""	""	""	""
""	Über die Grundbewilligung hinaus dürfen Ausgaben	""	""	""	""
""	geleistet werden in Höhe der Einnahmen bei	""	""	""	""
Kap	""	""	Ergebnis	Ansatz	Ansatz	Ansatz
Titel	Zweckbestimmung	""	2008 , 2009	2010	2011	2012
Nr	""	""	Tsd EUR	Tsd EUR	Tsd EUR	Tsd EUR
1	2	""	3	4	5	6
-91-0-0----	""	""	""	""	""	""
""	09.1.9100.119.02.	""	""	""	""	""
632.02	Sonstige Zuweisungen an Länder -	 Erstattung	0 	584 	""	""
""	für gemeinsame Verwaltungseinric	htungen	44 	""	""	""
""	(Weggefallener Ansatz)	""	""	""	""	""
""	(Weggefallener Ansatz)	""	""	""	""	""
671.01	Erstattungen an den Landesbetrie	b Geoinformation	0 	0 	-	-
""	und Vermessung für Leistungen	""	0 	""	""	""
""	Gegenseitig deckungsfähig sind 0	9.1.9100.671.01	""	""	""	""
""	09.1.9120.671.01 .	""	""	""	""	""
671.53	Erstattung der Kosten für die In	anspruchnahme	0 	0 	-	-
""	zentraler IT-Administration von 	Dataport	0 	""	""	""
""	Übertragbar	""	""	""	""	""
671.55	Erstattung der Kosten für die In	anspruchnahme des	59 	33 	""	""
""	behördeninternen Telefonverkehrs	""	56 	""	""	""
""	(Weggefallener Ansatz)	""	""	""	""	""
""	Gegenseitig deckungsfähig sind 0	9.1.9100.671.55	""	""	""	""
""	09.1.9120.671.55 .	""	""	""	""	""
671.56	Erstattung der Kosten für die In	anspruchnahme	7.670 	4.148 	""	""
""	der Dienstleistungen von Datapor	t	4.148 	""	""	""
""	(Weggefallener Ansatz)	""	""	""	""	""
""	Einseitig deckungsfähig zulasten	""	""	""	""	""
""	09.1.9100.535.56.	""	""	""	""	""
""	Gegenseitig deckungsfähig sind 0	9.1.9000.671.56	""	""	""	""
""	09.1.9020.671.56 09.1.9090.671.5	6	""	""	""	""
""	09.1.9100.671.56 09.1.9120.671.5	6 .	""	""	""	""
681.92	Schadenersatzleistungen	""	0 	0 	-	-
""	(ohne Kraftfahrzeughaftpflichtsc	häden)	0 	""	""	""
""	(Weggefallener Ansatz)	""	""	""	""	""
""	Gegenseitig deckungsfähig sind 0	9.1.9100.681.92	""	""	""	""
""	09.1.9120.681.92 .	""	""	""	""	""
685.03	Zuschuss für lfd. Verwaltungstät	igkeit	0 	0 	160.193 	157.828 
""	an den Auswahlbereich 137	""	0 	""	""	""
""	Übertragbar	""	""	""	""	""
""	Zuwendungsanteil 100%	""	""	""	""	""
""	Einseitig deckungsfähig zugunste	n	""	""	""	""
""	09.1.9100.894.03.	""	""	""	""	""
""	Deckungsfähig im Einzelplandecku	ngskreis	""	""	""	""
""	EDK-091-01.	""	""	""	""	""
""	Titel	gruppe(n)	""	""	""	""
""	------	---------	""	""	""	""
Z61	Budgetierte Sach- und Fachausgab	en	""	""	""	""
--------	-------------------------------	-	""	""	""	""
511.61	Geschäftsbedarf u. Kommunikation	 sowie	273 	310 	""	""
""	Geräte und Ausstattungsgegenstän	de,	301 	""	""	""
""	sonstige Gebrauchsgegenstände	""	13 R	""	""	""
""	Übertragbar	""	""	""	""	""
""	(Weggefallener Ansatz)	""	""	""	""	""
""	Über die Grundbewilligung hinaus	 dürfen Ausgaben	""	""	""	""
""	geleistet werden in Höhe der Ein	nahmen bei	""	""	""	""
""	09.1.9100.111.41.	""	""	""	""	""
Kap	""	Ergebnis	Ansatz	Ansatz	Ansatz
Titel	Zweckbestimmung	2008 , 2009	2010	2011	2012
Nr	""	Tsd EUR	Tsd EUR	Tsd EUR	Tsd EUR
1	2	3	4	5	6
9--1-00----	""	""	""	""	""
514.61	Haltung von Dienstfahrzeugen	0 	0 	-	-
""	""	0 	""	""	""
""	Übertragbar	""	""	""	""
517.61	Bewirtschaftung der Grundstücke	295 	334 	""	""
""	""	401 	""	""	""
""	""	15 R	""	""	""
""	Übertragbar	""	""	""	""
""	(Weggefallener Ansatz)	""	""	""	""
518.61	Mieten und Pachten	1.495 	1.589 	""	""
""	""	1.557 	""	""	""
""	Übertragbar	""	""	""	""
""	(Weggefallener Ansatz)	""	""	""	""
519.61	Unterhaltung der Grundstücke und baulichen Anlagen	74 	70 	""	""
""	""	62 	""	""	""
""	""	22 R	""	""	""
""	Übertragbar	""	""	""	""
""	(Weggefallener Ansatz)	""	""	""	""
525.61	Aus- und Fortbildung, Projektarbeit und Tagungen	315 	380 	""	""
""	für die Landesfinanzschule und die Fachhochschule	392 	""	""	""
""	für Öffentl. Verwaltung - Fachbereich Finanzen -	3 R	""	""	""
""	Übertragbar	""	""	""	""
""	(Weggefallener Ansatz)	""	""	""	""
""	Mehrausgaben dürfen geleistet werden in Höhe der	""	""	""	""
""	Einnahmen bei 09.1.9100.111.52.	""	""	""	""
546.61	Erstellung von Klausuren für die Steuerberater-	2 	1 	""	""
""	prüfung	0 	""	""	""
""	""	2 R	""	""	""
""	Übertragbar	""	""	""	""
""	(Weggefallener Ansatz)	""	""	""	""
547.61	sonstige Sach- und Fachausgaben	156 	198 	""	""
""	""	318 	""	""	""
""	""	13 R	""	""	""
""	Übertragbar	""	""	""	""
""	(Weggefallener Ansatz)	""	""	""	""
""	 Summen für Z61	3.031	2.882	0	0
""	""	67 R	""	""	""
701.56	Kleine Neu-, Um- und Erweiterungsbauten im	21 	61 	""	""
""	Zusammenhang mit der Informationstechnik (IT)	18 	""	""	""
""	""	40 R	""	""	""
""	Übertragbar	""	""	""	""
""	(Weggefallener Ansatz)	""	""	""	""
""	Deckungsfähig im Kapiteldeckungskreis	""	""	""	""
""	KDK-091-9100-11 .	""	""	""	""
Kap	""	Ergebnis	Ansatz	Ansatz	Ansatz
Titel	Zweckbestimmung	2008 , 2009	2010	2011	2012
Nr	""	Tsd EUR	Tsd EUR	Tsd EUR	Tsd EUR
1	2	3	4	5	6
9-1-0--0---	""	""	""	""	""
710.01	Neu-, Um- und Erweiterungsbauten (Hochbau)	0 	0 	-	-
""	""	0 	""	""	""
""	Übertragbar	""	""	""	""
""	(Weggefallener Ansatz)	""	""	""	""
""	Deckungsfähig im Kapiteldeckungskreis	""	""	""	""
""	KDK-091-9100-11 .	""	""	""	""
812.01	Beschaffung von Geräten und Ausstattungsgegen-	0 	0 	-	-
""	ständen (soweit nicht anderweitig veranschlagt)	0 	""	""	""
""	Übertragbar	""	""	""	""
""	(Weggefallener Ansatz)	""	""	""	""
""	Deckungsfähig im Kapiteldeckungskreis	""	""	""	""
""	KDK-091-9100-11 .	""	""	""	""
812.54	Ausbau der Infrastruktur zur Modernisierung der	0 	0 	-	-
""	Verwaltung	31 	""	""	""
""	Übertragbar	""	""	""	""
""	(Weggefallener Ansatz)	""	""	""	""
""	Einseitig deckungsfähig zugunsten	""	""	""	""
""	09.1.9100.812.56.	""	""	""	""
812.55	Investitionsausgaben für den Einsatz von	27 	32 	""	""
""	 IT-Technik am Bildungszentrum	38 	""	""	""
""	der Steuerverwaltung	""	""	""	""
""	Übertragbar	""	""	""	""
""	(Weggefallener Ansatz)	""	""	""	""
""	Deckungsfähig im Kapiteldeckungskreis	""	""	""	""
""	KDK-091-9100-11 .	""	""	""	""
812.56	Investitionsausgaben für den Einsatz von	3.704 	0 	-	-
""	Informationstechnik (IT) in der Finanzbehörde	2.686 	""	""	""
""	Übertragbar	""	""	""	""
""	(Weggefallener Ansatz)	""	""	""	""
""	Einseitig deckungsfähig zulasten	""	""	""	""
""	09.1.9100.812.54.	""	""	""	""
""	Mehrausgaben dürfen geleistet werden in Höhe der	""	""	""	""
""	Einnahmen bei 09.1.9100.282.02.	""	""	""	""
894.03	Zuschuss für Investitionsmittel an den Auswahl-	0 	0 	94 	88 
""	bereich 137	0 	""	""	""
""	Übertragbar	""	""	""	""
""	Einseitig deckungsfähig zulasten	""	""	""	""
""	09.1.9100.685.03.	""	""	""	""
""	Deckungsfähig im Einzelplandeckungskreis	""	""	""	""
""	EDK-091-02.	""	""	""	""
""	Gesamtausgaben	""	70.630 	172.737 	172.635 
""	Summe Verpflichtungsermächtigungen	""	""	""	""
Kap	""	Ergebnis	Ansatz	Ansatz	Ansatz
Titel	Zweckbestimmung	2008 , 2009	2010	2011	2012
Nr	""	Tsd EUR	Tsd EUR	Tsd EUR	Tsd EUR
1	2	3	4	5	6
9120	Finanzämter	""	""	""	""
--------	--------------------------------	""	""	""	""
(061)	""	""	""	""	""
""	  EINNAHMEN	""	""	""	""
111.01	Verwaltungsgebühren	1.756 	1.564 	""	""
""	""	1.774 	""	""	""
""	(Weggefallener Ansatz)	""	""	""	""
111.06	Entgelte für die Nutzung von Räumen im Bereich der	0 	0 	-	-
""	Steuerverwaltung	0 	""	""	""
""	(Weggefallener Ansatz)	""	""	""	""
""	Die Einnahmen dienen zur Deckung der Mehrausgaben	""	""	""	""
""	bei 09.1.9120.517.61.	""	""	""	""
111.52	Kostenbeiträge für die Teilnahme an Bildungs-	0 	0 	-	-
""	veranstaltungen sowie für Lehr- und Lernmittel	0 	""	""	""
""	(Weggefallener Ansatz)	""	""	""	""
""	Die Einnahmen dienen zur Deckung der Ausgaben bei	""	""	""	""
""	09.1.9120.525.61	""	""	""	""
119.92	Schadenersatzleistungen	18 	50 	""	""
""	""	38 	""	""	""
""	(Weggefallener Ansatz)	""	""	""	""
119.95	Einnahmen aus Mahnkosten, Verspätungszuschlägen	0 	0 	-	-
""	und Stundungszinsen	0 	""	""	""
119.98	Vermischte Einnahmen	360 	224 	""	""
""	""	543 	""	""	""
""	(Weggefallener Ansatz)	""	""	""	""
124.91	Einnahmen aus Vermietung, Verpachtung und	30 	32 	""	""
""	Nutzung von Grundstücken	31 	""	""	""
""	(Weggefallener Ansatz)	""	""	""	""
124.92	Einnahmen aus Dienst- und Werkdienstwohnungen	0 	0 	-	-
""	sowie aus Personalunterkünften	0 	""	""	""
231.01	Pauschale Erstattung für die Verwaltung der	0 	0 	""	""
""	Kraftfahrzeugsteuer (Bund)	1.535 	""	""	""
""	Übertragbar	""	""	""	""
""	(Weggefallener Ansatz)	""	""	""	""
""	Die Mehreinnahmen dienen zur Deckung der Ausgaben	""	""	""	""
""	bei 09.1.9120.548.01.	""	""	""	""
Kap	""	Ergebnis	Ansatz	Ansatz	Ansatz
Titel	Zweckbestimmung	2008 , 2009	2010	2011	2012
Nr	""	Tsd EUR	Tsd EUR	Tsd EUR	Tsd EUR
1	2	3	4	5	6
9-1--2-0---	""	""	""	""	""
261.01	Verwaltungskostenentschädigung für die Einziehung	12.663 	11.035 	""	""
""	der Kirchensteuern	11.529 	""	""	""
""	(Weggefallener Ansatz)	""	""	""	""
261.03	Sonstige Verwaltungskostenentschädigungen	40 	45 	""	""
""	""	39 	""	""	""
""	(Weggefallener Ansatz)	""	""	""	""
282.01	Zuschüsse der Hauptfürsorgestelle zur Ausstattung	0 	0 	-	-
""	behindertengerechter Arbeitsplätze	0 	""	""	""
""	(Weggefallener Ansatz)	""	""	""	""
""	Die Einnahmen dienen zur Deckung der Mehrausgaben	""	""	""	""
""	bei 09.1.9120.511.61.	""	""	""	""
""	Gesamteinnahmen	""	12.950	0	0 
""	AUSGABEN	""	""	""	""
KRD	Kontenrahmen für Dienstbezüge	165.603 	164.875 	-	-
""	""	169.481 	""	""	""
""	""	""	1.832 R	""	""
KRN	Kontenrahmen für Nebenleistungen - Beihilfen, 	2.371 	0 	4.522 	4.508 
""	Unterstützungen u. dgl.	2.656 	""	""	""
KRN	Kontenrahmen für Nebenleistungen -	8 	0 	-	-
""	personalbezogene Sachausgaben	8 	""	""	""
KRV	Kontenrahmen für Versorgung 	28.806-	23.886-	48.639 	47.264 
""	""	27.162-	""	""	""
459.01	Anspornvergütung für Vollziehungsbeamte	0 	4 	""	""
(940)	""	0 	""	""	""
""	Übertragbar	""	""	""	""
""	(Weggefallener Ansatz)	""	""	""	""
535.56	IT-Investitionsfolgekosten	0 	0 	-	-
""	""	0 	""	""	""
""	Übertragbar	""	""	""	""
""	(Weggefallener Ansatz)	""	""	""	""
""	Einseitig deckungsfähig zugunsten	""	""	""	""
""	09.1.9120.671.56.	""	""	""	""
""	Gegenseitig deckungsfähig sind 09.1.9000.535.56	""	""	""	""
""	09.1.9020.535.56 09.1.9090.535.56	""	""	""	""
""	09.1.9100.535.56 09.1.9120.535.56 .	""	""	""	""
548.01	Verwendung der Erstattung des Bundes für die	0 	0 	-	-
(012)	Verwaltung der Kraftfahrzeugsteuer (Bund)	0 	""	""	""
""	Übertragbar	""	""	""	""
Kap	""	Ergebnis	Ansatz	Ansatz	Ansatz
Titel	Zweckbestimmung	2008 , 2009	2010	2011	2012
Nr	""	Tsd EUR	Tsd EUR	Tsd EUR	Tsd EUR
1	2	3	4	5	6
-9-1-2-0---	""	""	""	""	""
""	(Weggefallener Ansatz)	""	""	""	""
""	Ausgaben dürfen geleistet werden in Höhe der	""	""	""	""
""	Mehr- einnahmen bei 09.1.9120.231.01.	""	""	""	""
""	Mittel für einzelne Maßnahmen/Maßnahmegruppen	""	""	""	""
""	werden auf vorhandene oder einzurichtende Titel	""	""	""	""
""	der sachlich zuständigen Kapitel übertragen	""	""	""	""
671.01	Erstattungen an den Landesbetrieb Geoinformation	28 	50 	""	""
""	und Vermessung für Leistungen	36 	""	""	""
""	(Weggefallener Ansatz)	""	""	""	""
""	Gegenseitig deckungsfähig sind 09.1.9100.671.01	""	""	""	""
""	09.1.9120.671.01 .	""	""	""	""
671.55	Erstattung der Kosten für die Inanspruchnahme des	742 	663 	""	""
""	behördeninternen Telefonverkehrs	747 	""	""	""
""	(Weggefallener Ansatz)	""	""	""	""
""	Gegenseitig deckungsfähig sind 09.1.9100.671.55	""	""	""	""
""	09.1.9120.671.55 .	""	""	""	""
671.56	Erstattung der Kosten für die Inanspruchnahme	0 	0 	-	-
""	der Dienstleistungen von Dataport	0 	""	""	""
""	Einseitig deckungsfähig zulasten	""	""	""	""
""	09.1.9120.535.56.	""	""	""	""
""	Gegenseitig deckungsfähig sind 09.1.9000.671.56	""	""	""	""
""	09.1.9020.671.56 09.1.9090.671.56	""	""	""	""
""	09.1.9100.671.56 09.1.9120.671.56 .	""	""	""	""
681.92	Schadenersatzleistungen	15 	15 	""	""
""	(ohne Kraftfahrzeughaftpflichtschäden)	15 	""	""	""
""	(Weggefallener Ansatz)	""	""	""	""
""	Gegenseitig deckungsfähig sind 09.1.9100.681.92	""	""	""	""
""	09.1.9120.681.92 .	""	""	""	""
""	Titelgruppe(n)	""	""	""	""
""	---------------	""	""	""	""
Z61	Budgetierte Sach- und Fachausgaben	""	""	""	""
--------	--------------------------------	""	""	""	""
511.61	Geschäftsbedarf u. Kommunikation sowie	4.208 	4.394 	""	""
""	Geräte und Ausstattungsgegenstände,	4.494 	""	""	""
""	sonstige Gebrauchsgegenstände	""	""	""	""
""	Übertragbar	""	""	""	""
""	(Weggefallener Ansatz)	""	""	""	""
""	Mehrausgaben dürfen geleistet werden in Höhe der	""	""	""	""
""	Einnahmen bei 09.1.9120.282.01.	""	""	""	""
514.61	Haltung von Dienstfahrzeugen	23 	30 	""	""
""	""	24 	""	""	""
""	""	3 R	""	""	""
""	Übertragbar	""	""	""	""
""	(Weggefallener Ansatz)	""	""	""	""
517.61	Bewirtschaftung der Grundstücke	3.528 	3.912 	""	""
""	""	3.866 	""	""	""
""	""	3 R	""	""	""
""	Übertragbar	""	""	""	""
""	(Weggefallener Ansatz)	""	""	""	""
""	Mehrausgaben dürfen geleistet werden in Höhe der	""	""	""	""
""	Einnahmen bei 09.1.9120.111.06.	""	""	""	""
Kap	""	Ergebnis	Ansatz	Ansatz	Ansatz
Titel	Zweckbestimmung	2008 , 2009	2010	2011	2012
Nr	""	Tsd EUR	Tsd EUR	Tsd EUR	Tsd EUR
1	2	3	4	5	6
9--12-0----	""	""	""	""	""
518.61	Mieten und Pachten	12.690 	12.851 	""	""
""	""	12.749 	""	""	""
""	""	16 R	""	""	""
""	Übertragbar	""	""	""	""
""	(Weggefallener Ansatz)	""	""	""	""
519.61	Unterhaltung der Grundstücke und baulichen Anlagen	456 	572 	""	""
""	""	633 	""	""	""
""	""	77 R	""	""	""
""	Übertragbar	""	""	""	""
""	(Weggefallener Ansatz)	""	""	""	""
525.61	Aus- und Fortbildung, Projektarbeit und Tagungen	0 	0 	-	-
""	für die Landesfinanzschule und die Fachhochschule	0 	""	""	""
""	für Öffentl. Verwaltung - Fachbereich Finanzen -	""	""	""	""
""	Übertragbar	""	""	""	""
""	(Weggefallener Ansatz)	""	""	""	""
""	Ausgaben dürfen geleistet werden in Höhe der	""	""	""	""
""	Einnahmen bei 09.1.9120.111.52	""	""	""	""
546.61	Erstellung von Klausuren für die Steuerberater-	0 	0 	-	-
""	prüfung	0 	""	""	""
""	Übertragbar	""	""	""	""
""	(Weggefallener Ansatz)	""	""	""	""
547.61	sonstige Sach- und Fachausgaben	651 	730 	""	""
""	""	1.205 	""	""	""
""	Übertragbar	""	""	""	""
""	(Weggefallener Ansatz)	""	""	""	""
632.61	Erstattung von Verwaltungskosten der	535 	535 	""	""
""	Kfz-Zulassungsstellen für die Bearbeitung von	535 	""	""	""
""	Kfz-Steuerangelegenheiten der Finanzämter	""	""	""	""
""	Übertragbar	""	""	""	""
""	(Weggefallener Ansatz)	""	""	""	""
""	 Summen für Z61	23.505	23.024	0	0
""	""	99 R	""	""	""
701.56	Kleine Neu-, Um- und Erweiterungsbauten im	0 	0 	-	-
""	Zusammenhang mit der IT-Technik	0 	""	""	""
""	Übertragbar	""	""	""	""
""	Deckungsfähig im Kapiteldeckungskreis	""	""	""	""
""	KDK-091-9100-11 .	""	""	""	""
710.01	Neu-, Um- und Erweiterungsbauten (Hochbau)	0 	53 	""	""
""	""	0 	""	""	""
""	""	33 R	""	""	""
""	Übertragbar	""	""	""	""
""	(Weggefallener Ansatz)	""	""	""	""
""	Deckungsfähig im Kapiteldeckungskreis	""	""	""	""
""	KDK-091-9100-11 .	""	""	""	""
Kap	""	Ergebnis	Ansatz	Ansatz	Ansatz
Titel	Zweckbestimmung	2008 , 2009	2010	2011	2012
Nr	""	Tsd EUR	Tsd EUR	Tsd EUR	Tsd EUR
1	2	3	4	5	6
9-1-2-0----	""	""	""	""	""
812.01	Beschaffung von Geräten und Ausstattungsgegen-	4 	19 	""	""
""	ständen (soweit nicht anderweitig veranschlagt)	0 	""	""	""
""	""	15 R	""	""	""
""	Übertragbar	""	""	""	""
""	(Weggefallener Ansatz)	""	""	""	""
""	Deckungsfähig im Kapiteldeckungskreis	""	""	""	""
""	KDK-091-9100-11 .	""	""	""	""
892.01	Abgeltung baulicher Unterhaltung am ehem.	0 	0 	""	""
""	DG Stresemannstr. 23	0 	""	""	""
""	Übertragbar	""	""	""	""
""	(Weggefallener Ansatz)	""	""	""	""
""	Gesamtausgaben	""	164.817 	53.161 	51.772 
""	Summe Verpflichtungsermächtigungen	""	""	""	""
